"eta_true","rep","centered","eta_hat","abs_bias"
0.4,1,FALSE,0.455648051105402,0.0556480511054018
0.4,1,TRUE,0.790217447655458,0.390217447655458
0.4,2,FALSE,0.365555650677631,0.0344443493223693
0.4,2,TRUE,0.0235741951348846,0.376425804865115
0.4,3,FALSE,0.86777384186481,0.46777384186481
0.4,3,TRUE,1.5055877840917,1.1055877840917
0.4,4,FALSE,0.112149135760979,0.287850864239021
0.4,4,TRUE,-0.271725766568618,0.671725766568618
0.4,5,FALSE,0.459486456521076,0.0594864565210763
0.4,5,TRUE,-0.0933754288723686,0.493375428872369
0.4,6,FALSE,0.454887923228575,0.054887923228575
0.4,6,TRUE,0.775661309923006,0.375661309923006
0.4,7,FALSE,0.973366991102803,0.573366991102803
0.4,7,TRUE,1.3099887093697,0.909988709369699
0.4,8,FALSE,-0.144133365557362,0.544133365557362
0.4,8,TRUE,0.689444406321884,0.289444406321884
0.4,9,FALSE,0.415679906690353,0.0156799066903525
0.4,9,TRUE,1.4875644071495,1.0875644071495
0.4,10,FALSE,0.495466536414649,0.0954665364146494
0.4,10,TRUE,0.441337873870695,0.041337873870695
0.4,11,FALSE,0.0354143355449062,0.364585664455094
0.4,11,TRUE,0.224875464212422,0.175124535787578
0.4,12,FALSE,0.401834517574014,0.00183451757401348
0.4,12,TRUE,0.556087280770096,0.156087280770096
0.4,13,FALSE,0.359340830388984,0.0406591696110161
0.4,13,TRUE,0.563186170342177,0.163186170342177
0.4,14,FALSE,0.364115407782732,0.0358845922172683
0.4,14,TRUE,0.523508506666544,0.123508506666544
0.4,15,FALSE,0.226093631542843,0.173906368457157
0.4,15,TRUE,0.762053443428586,0.362053443428586
0.4,16,FALSE,0.176135452573223,0.223864547426777
0.4,16,TRUE,-0.164680515251535,0.564680515251536
0.4,17,FALSE,0.552782115645598,0.152782115645598
0.4,17,TRUE,0.561324276810514,0.161324276810514
0.4,18,FALSE,-0.224098301540734,0.624098301540734
0.4,18,TRUE,-0.139597180062132,0.539597180062132
0.4,19,FALSE,0.308546691305242,0.0914533086947575
0.4,19,TRUE,-0.485323761813798,0.885323761813798
0.4,20,FALSE,0.389497933164142,0.0105020668358578
0.4,20,TRUE,-0.105997135467149,0.505997135467149
0.4,21,FALSE,0.402210416004257,0.00221041600425748
0.4,21,TRUE,0.0184153027536924,0.381584697246308
0.4,22,FALSE,0.204035633698159,0.195964366301841
0.4,22,TRUE,0.0784338485906421,0.321566151409358
0.4,23,FALSE,0.883604677860407,0.483604677860407
0.4,23,TRUE,1.07767311605878,0.677673116058776
0.4,24,FALSE,0.0702995512539816,0.329700448746018
0.4,24,TRUE,-0.701040708760183,1.10104070876018
0.4,25,FALSE,1.08493976749814,0.684939767498139
0.4,25,TRUE,1.54905463783885,1.14905463783885
0.4,26,FALSE,0.200449864202602,0.199550135797398
0.4,26,TRUE,-0.101560066865459,0.501560066865459
0.4,27,FALSE,0.488821410641022,0.0888214106410222
0.4,27,TRUE,0.63052330300034,0.230523303000341
0.4,28,FALSE,0.668649328766775,0.268649328766775
0.4,28,TRUE,1.10043939691409,0.700439396914087
0.4,29,FALSE,0.673102187048033,0.273102187048033
0.4,29,TRUE,1.12602869298417,0.726028692984175
0.4,30,FALSE,0.0719642307565243,0.328035769243476
0.4,30,TRUE,0.618364172701234,0.218364172701234
0.4,31,FALSE,-0.0818350525071672,0.481835052507167
0.4,31,TRUE,-0.556112927371963,0.956112927371963
0.4,32,FALSE,0.935617594504591,0.535617594504591
0.4,32,TRUE,1.75654179871157,1.35654179871157
0.4,33,FALSE,0.824962898108321,0.424962898108321
0.4,33,TRUE,2.02054331680529,1.62054331680529
0.4,34,FALSE,0.480278944336679,0.0802789443366792
0.4,34,TRUE,0.675975310165232,0.275975310165232
0.4,35,FALSE,1.02059164265489,0.620591642654889
0.4,35,TRUE,1.30964436056219,0.909644360562188
0.4,36,FALSE,0.251314689008885,0.148685310991115
0.4,36,TRUE,-1.30051886684701,1.70051886684701
0.4,37,FALSE,0.314376530195861,0.0856234698041389
0.4,37,TRUE,0.201714057297256,0.198285942702744
0.4,38,FALSE,1.24101043002054,0.84101043002054
0.4,38,TRUE,2.27062610749214,1.87062610749214
0.4,39,FALSE,0.309808374547239,0.0901916254527609
0.4,39,TRUE,-0.0750162603042849,0.475016260304285
0.4,40,FALSE,0.645657769235752,0.245657769235752
0.4,40,TRUE,0.111168461118137,0.288831538881863
0.4,41,FALSE,0.326350689712114,0.0736493102878863
0.4,41,TRUE,-0.578789179116402,0.978789179116402
0.4,42,FALSE,0.777446765127679,0.377446765127679
0.4,42,TRUE,0.419237237896199,0.0192372378961986
0.4,43,FALSE,0.468065290666778,0.0680652906667783
0.4,43,TRUE,-0.375892220729381,0.775892220729381
0.4,44,FALSE,0.355118819733728,0.0448811802662717
0.4,44,TRUE,-1.20495664963208,1.60495664963208
0.4,45,FALSE,0.229029008977732,0.170970991022268
0.4,45,TRUE,0.132004089036801,0.267995910963199
0.4,46,FALSE,0.562204712205991,0.162204712205991
0.4,46,TRUE,-0.56434179207716,0.96434179207716
0.4,47,FALSE,0.30280531325907,0.0971946867409305
0.4,47,TRUE,0.925843523282548,0.525843523282548
0.4,48,FALSE,0.226121725599468,0.173878274400532
0.4,48,TRUE,0.202069235720308,0.197930764279692
0.4,49,FALSE,0.923247056339351,0.523247056339351
0.4,49,TRUE,1.34610929836926,0.946109298369262
0.4,50,FALSE,0.44530000252723,0.0453000025272295
0.4,50,TRUE,0.0787901525837395,0.32120984741626
0.4,51,FALSE,0.59736838530545,0.19736838530545
0.4,51,TRUE,1.40357541565171,1.00357541565171
0.4,52,FALSE,0.664808419817325,0.264808419817325
0.4,52,TRUE,0.822666138650635,0.422666138650635
0.4,53,FALSE,-0.26143822464205,0.66143822464205
0.4,53,TRUE,-0.0393818833569896,0.43938188335699
0.4,54,FALSE,0.552990069260491,0.152990069260491
0.4,54,TRUE,0.557479311042432,0.157479311042432
0.4,55,FALSE,0.188725526647472,0.211274473352528
0.4,55,TRUE,-0.111166785691835,0.511166785691835
0.4,56,FALSE,0.510844236794559,0.110844236794559
0.4,56,TRUE,1.39031788671275,0.990317886712752
0.4,57,FALSE,-0.136389988264654,0.536389988264654
0.4,57,TRUE,-1.30770200577673,1.70770200577673
0.4,58,FALSE,0.706771772041273,0.306771772041273
0.4,58,TRUE,1.10440122167995,0.70440122167995
0.4,59,FALSE,0.246191248963605,0.153808751036395
0.4,59,TRUE,0.22380329478048,0.17619670521952
0.4,60,FALSE,0.118861011324063,0.281138988675937
0.4,60,TRUE,-0.319022270663168,0.719022270663168
0.4,61,FALSE,0.382827773544451,0.0171722264555489
0.4,61,TRUE,0.0271970320719733,0.372802967928027
0.4,62,FALSE,0.119312573218162,0.280687426781839
0.4,62,TRUE,0.285363270826832,0.114636729173168
0.4,63,FALSE,-0.0484626841962015,0.448462684196201
0.4,63,TRUE,0.327760022664345,0.0722399773356553
0.4,64,FALSE,0.386187702490257,0.0138122975097427
0.4,64,TRUE,-1.13601490870736,1.53601490870736
0.4,65,FALSE,0.568431240421144,0.168431240421144
0.4,65,TRUE,-0.0587009800974598,0.45870098009746
0.4,66,FALSE,0.441586920826753,0.0415869208267529
0.4,66,TRUE,1.18777986169788,0.787779861697876
0.4,67,FALSE,0.752093133106108,0.352093133106108
0.4,67,TRUE,2.2190226020258,1.8190226020258
0.4,68,FALSE,0.730232356075748,0.330232356075748
0.4,68,TRUE,1.34478923108224,0.944789231082235
0.4,69,FALSE,0.029731884577155,0.370268115422845
0.4,69,TRUE,0.0112827865228954,0.388717213477105
0.4,70,FALSE,0.67442572102852,0.27442572102852
0.4,70,TRUE,-0.1402545913462,0.5402545913462
0.4,71,FALSE,0.219452907631076,0.180547092368924
0.4,71,TRUE,0.0518318064134631,0.348168193586537
0.4,72,FALSE,0.549747360674041,0.149747360674041
0.4,72,TRUE,1.59194020384452,1.19194020384452
0.4,73,FALSE,0.472977432443624,0.0729774324436235
0.4,73,TRUE,0.549857908504037,0.149857908504037
0.4,74,FALSE,0.593928250203403,0.193928250203403
0.4,74,TRUE,1.75350642837301,1.35350642837301
0.4,75,FALSE,0.471907678884921,0.0719076788849214
0.4,75,TRUE,0.203195530533888,0.196804469466112
0.4,76,FALSE,0.390165540952699,0.0098344590473009
0.4,76,TRUE,-0.852121166679339,1.25212116667934
0.4,77,FALSE,0.616386850234696,0.216386850234696
0.4,77,TRUE,1.15719938940859,0.757199389408588
0.4,78,FALSE,0.460265991147762,0.0602659911477617
0.4,78,TRUE,-0.0396125729442799,0.43961257294428
0.4,79,FALSE,0.265959366026387,0.134040633973613
0.4,79,TRUE,1.36868641005465,0.968686410054651
0.4,80,FALSE,0.179633631508925,0.220366368491075
0.4,80,TRUE,0.946426225096379,0.546426225096379
0.4,81,FALSE,0.485415785015824,0.0854157850158239
0.4,81,TRUE,0.528848418472493,0.128848418472493
0.4,82,FALSE,0.142445128578732,0.257554871421268
0.4,82,TRUE,0.267679024505006,0.132320975494994
0.4,83,FALSE,0.93379997164963,0.533799971649629
0.4,83,TRUE,0.616896583503657,0.216896583503657
0.4,84,FALSE,0.242934653287198,0.157065346712802
0.4,84,TRUE,-0.84141717168884,1.24141717168884
0.4,85,FALSE,0.862425444985581,0.462425444985581
0.4,85,TRUE,0.178416807537951,0.221583192462049
0.4,86,FALSE,0.905182036636439,0.505182036636439
0.4,86,TRUE,2.07238860943676,1.67238860943676
0.4,87,FALSE,0.605700418766401,0.205700418766401
0.4,87,TRUE,0.384553601810825,0.0154463981891746
0.4,88,FALSE,0.935216673544196,0.535216673544196
0.4,88,TRUE,1.27240779406917,0.872407794069167
0.4,89,FALSE,0.393716010741684,0.00628398925831619
0.4,89,TRUE,1.11622532645699,0.716225326456993
0.4,90,FALSE,0.383194339869113,0.0168056601308865
0.4,90,TRUE,-0.412123637340291,0.812123637340291
0.4,91,FALSE,0.283441164092901,0.116558835907099
0.4,91,TRUE,1.59533950715167,1.19533950715167
0.4,92,FALSE,0.299250506686497,0.100749493313503
0.4,92,TRUE,0.060144381458405,0.339855618541595
0.4,93,FALSE,-0.513123625967128,0.913123625967128
0.4,93,TRUE,-0.384479015488297,0.784479015488297
0.4,94,FALSE,0.414013154113691,0.0140131541136915
0.4,94,TRUE,-0.547162339695978,0.947162339695978
0.4,95,FALSE,0.764294390080598,0.364294390080598
0.4,95,TRUE,1.23790070415184,0.837900704151843
0.4,96,FALSE,0.490318333199143,0.0903183331991428
0.4,96,TRUE,0.65402459135014,0.254024591350139
0.4,97,FALSE,0.517906097503614,0.117906097503614
0.4,97,TRUE,-0.139549924663113,0.539549924663113
0.4,98,FALSE,0.371526858983577,0.0284731410164235
0.4,98,TRUE,-0.124773260739753,0.524773260739753
0.4,99,FALSE,0.715174673687851,0.315174673687851
0.4,99,TRUE,1.57781150200828,1.17781150200828
0.4,100,FALSE,0.36291943906743,0.0370805609325702
0.4,100,TRUE,0.614550624089158,0.214550624089158
0.4,101,FALSE,0.473369921033997,0.0733699210339968
0.4,101,TRUE,1.26386321055233,0.863863210552328
0.4,102,FALSE,1.04122738822837,0.641227388228369
0.4,102,TRUE,0.876191871749266,0.476191871749266
0.4,103,FALSE,0.638614677574095,0.238614677574095
0.4,103,TRUE,0.49009932176581,0.0900993217658097
0.4,104,FALSE,0.394401261797737,0.00559873820226298
0.4,104,TRUE,-0.403621866550919,0.803621866550919
0.4,105,FALSE,0.710797234710716,0.310797234710716
0.4,105,TRUE,1.16478158247792,0.764781582477921
0.4,106,FALSE,1.21325574938148,0.813255749381475
0.4,106,TRUE,2.19500158286197,1.79500158286197
0.4,107,FALSE,0.825906022191275,0.425906022191275
0.4,107,TRUE,0.983381101830576,0.583381101830576
0.4,108,FALSE,0.497513437566544,0.0975134375665443
0.4,108,TRUE,0.49239239412344,0.0923923941234396
0.4,109,FALSE,-0.0278389743347552,0.427838974334755
0.4,109,TRUE,-0.315892644904554,0.715892644904554
0.4,110,FALSE,0.316743297863138,0.083256702136862
0.4,110,TRUE,0.15944187689176,0.24055812310824
0.4,111,FALSE,0.188670830208696,0.211329169791304
0.4,111,TRUE,-0.443128356014133,0.843128356014133
0.4,112,FALSE,-0.25050532759206,0.65050532759206
0.4,112,TRUE,-0.501108163279877,0.901108163279877
0.4,113,FALSE,-0.17286973732823,0.57286973732823
0.4,113,TRUE,-0.941564179275425,1.34156417927543
0.4,114,FALSE,-0.199939495993558,0.599939495993558
0.4,114,TRUE,-0.424429843630819,0.82442984363082
0.4,115,FALSE,0.320615158635173,0.0793848413648268
0.4,115,TRUE,-0.71279980913376,1.11279980913376
0.4,116,FALSE,0.689699286815638,0.289699286815638
0.4,116,TRUE,0.592545672465999,0.192545672465999
0.4,117,FALSE,0.159599531776039,0.240400468223961
0.4,117,TRUE,0.739077995451692,0.339077995451692
0.4,118,FALSE,0.344024052092896,0.0559759479071045
0.4,118,TRUE,0.816248732923493,0.416248732923493
0.4,119,FALSE,0.883815180626958,0.483815180626958
0.4,119,TRUE,1.37209260298825,0.972092602988248
0.4,120,FALSE,-0.0128676988599164,0.412867698859916
0.4,120,TRUE,0.601564742340343,0.201564742340343
0.4,121,FALSE,0.347456994304821,0.0525430056951789
0.4,121,TRUE,0.0231812368775271,0.376818763122473
0.4,122,FALSE,0.171733589415257,0.228266410584743
0.4,122,TRUE,-0.174873021633177,0.574873021633177
0.4,123,FALSE,0.499942797493361,0.0999427974933613
0.4,123,TRUE,-0.478716136475069,0.878716136475069
0.4,124,FALSE,0.217566189301579,0.182433810698421
0.4,124,TRUE,0.554961500895172,0.154961500895172
0.4,125,FALSE,0.277573467566182,0.122426532433818
0.4,125,TRUE,0.650443720726468,0.250443720726468
0.4,126,FALSE,0.18851445774659,0.21148554225341
0.4,126,TRUE,-0.295329763963681,0.695329763963682
0.4,127,FALSE,0.688703216111536,0.288703216111536
0.4,127,TRUE,1.0294411681827,0.6294411681827
0.4,128,FALSE,0.371234804164322,0.0287651958356778
0.4,128,TRUE,-0.5745895737189,0.9745895737189
0.4,129,FALSE,0.14131081476651,0.25868918523349
0.4,129,TRUE,-0.768999958162406,1.16899995816241
0.4,130,FALSE,0.697256537719174,0.297256537719174
0.4,130,TRUE,1.42189718696561,1.02189718696561
0.4,131,FALSE,0.862620284017649,0.462620284017649
0.4,131,TRUE,0.461212069163061,0.061212069163061
0.4,132,FALSE,0.475436842088515,0.0754368420885153
0.4,132,TRUE,1.32679678665111,0.926796786651109
0.4,133,FALSE,0.661128750317618,0.261128750317618
0.4,133,TRUE,-0.438051968383645,0.838051968383645
0.4,134,FALSE,0.181642931552744,0.218357068447256
0.4,134,TRUE,0.118548377032438,0.281451622967562
0.4,135,FALSE,0.4918675524849,0.0918675524849003
0.4,135,TRUE,0.237975751248282,0.162024248751718
0.4,136,FALSE,0.423413767062287,0.0234137670622874
0.4,136,TRUE,0.388201686284998,0.0117983137150016
0.4,137,FALSE,0.523813103588979,0.123813103588979
0.4,137,TRUE,1.2687105189808,0.868710518980797
0.4,138,FALSE,0.230554420870471,0.169445579129529
0.4,138,TRUE,0.697909885133468,0.297909885133468
0.4,139,FALSE,0.141303062137141,0.25869693786286
0.4,139,TRUE,0.745552128547149,0.345552128547149
0.4,140,FALSE,0.508385978834604,0.108385978834604
0.4,140,TRUE,1.39719675423639,0.997196754236392
0.4,141,FALSE,0.0272357130647937,0.372764286935206
0.4,141,TRUE,-0.677387582511182,1.07738758251118
0.4,142,FALSE,0.722892236534605,0.322892236534605
0.4,142,TRUE,0.602682394201701,0.202682394201701
0.4,143,FALSE,-0.116813101755173,0.516813101755173
0.4,143,TRUE,0.520709584751446,0.120709584751446
0.4,144,FALSE,-0.175932617091992,0.575932617091992
0.4,144,TRUE,-0.21380330623288,0.61380330623288
0.4,145,FALSE,0.482746470152247,0.0827464701522468
0.4,145,TRUE,0.874706006685422,0.474706006685422
0.4,146,FALSE,0.623399638637824,0.223399638637824
0.4,146,TRUE,1.11584905663679,0.715849056636786
0.4,147,FALSE,0.598671056604266,0.198671056604266
0.4,147,TRUE,-0.96932417434848,1.36932417434848
0.4,148,FALSE,0.852343382165589,0.452343382165589
0.4,148,TRUE,1.02456661009921,0.62456661009921
0.4,149,FALSE,0.729878022954198,0.329878022954198
0.4,149,TRUE,1.01794814985654,0.617948149856541
0.4,150,FALSE,0.657844213987701,0.257844213987701
0.4,150,TRUE,1.17780658449529,0.777806584495294
0.4,151,FALSE,0.705648560498725,0.305648560498725
0.4,151,TRUE,1.33972267250575,0.939722672505748
0.4,152,FALSE,0.772978811584982,0.372978811584982
0.4,152,TRUE,0.271522987331922,0.128477012668078
0.4,153,FALSE,0.671425302769602,0.271425302769602
0.4,153,TRUE,0.0586687807352059,0.341331219264794
0.4,154,FALSE,0.409538086648002,0.0095380866480016
0.4,154,TRUE,0.552385823751768,0.152385823751768
0.4,155,FALSE,0.639128943160419,0.239128943160419
0.4,155,TRUE,1.75885766536218,1.35885766536218
0.4,156,FALSE,-0.0245797995102466,0.424579799510247
0.4,156,TRUE,0.823603897770215,0.423603897770215
0.4,157,FALSE,0.760688330215201,0.360688330215201
0.4,157,TRUE,1.40230606859531,1.00230606859531
0.4,158,FALSE,0.342574978640284,0.0574250213597156
0.4,158,TRUE,-0.169877827283781,0.569877827283781
0.4,159,FALSE,0.504403969777204,0.104403969777204
0.4,159,TRUE,0.22692765945978,0.17307234054022
0.4,160,FALSE,0.462490449116043,0.0624904491160432
0.4,160,TRUE,0.0138402670501949,0.386159732949805
0.4,161,FALSE,0.644245109149525,0.244245109149525
0.4,161,TRUE,0.760503413810025,0.360503413810025
0.4,162,FALSE,0.889164759166975,0.489164759166975
0.4,162,TRUE,1.09306617527568,0.693066175275676
0.4,163,FALSE,0.246755632815937,0.153244367184063
0.4,163,TRUE,1.42067934300552,1.02067934300552
0.4,164,FALSE,0.16538970107786,0.23461029892214
0.4,164,TRUE,-0.457653318228292,0.857653318228292
0.4,165,FALSE,-0.294916615346021,0.694916615346021
0.4,165,TRUE,-0.29418209449828,0.69418209449828
0.4,166,FALSE,0.697438498022363,0.297438498022363
0.4,166,TRUE,0.644784981120257,0.244784981120257
0.4,167,FALSE,0.632541906834547,0.232541906834547
0.4,167,TRUE,1.36614844707129,0.966148447071292
0.4,168,FALSE,0.255381968894514,0.144618031105486
0.4,168,TRUE,0.117253481178077,0.282746518821923
0.4,169,FALSE,0.352465573906519,0.0475344260934815
0.4,169,TRUE,1.45110425330075,1.05110425330075
0.4,170,FALSE,0.447605217225897,0.0476052172258966
0.4,170,TRUE,1.24573507554285,0.845735075542854
0.4,171,FALSE,-0.0956003319472962,0.495600331947296
0.4,171,TRUE,-0.96994375916864,1.36994375916864
0.4,172,FALSE,0.362582753604797,0.0374172463952029
0.4,172,TRUE,-0.0523912122277917,0.452391212227792
0.4,173,FALSE,1.07566210661893,0.675662106618928
0.4,173,TRUE,2.1532818934316,1.7532818934316
0.4,174,FALSE,0.531764778264446,0.131764778264446
0.4,174,TRUE,0.510574821245264,0.110574821245264
0.4,175,FALSE,0.440000101072956,0.0400001010729559
0.4,175,TRUE,0.165871891827281,0.234128108172719
0.4,176,FALSE,0.646791160687772,0.246791160687772
0.4,176,TRUE,0.260154508393886,0.139845491606114
0.4,177,FALSE,1.36864346720275,0.968643467202754
0.4,177,TRUE,0.311984942125834,0.0880150578741655
0.4,178,FALSE,0.520404186114877,0.120404186114877
0.4,178,TRUE,0.861453240790716,0.461453240790716
0.4,179,FALSE,1.08233263498379,0.682332634983786
0.4,179,TRUE,1.51126806491306,1.11126806491306
0.4,180,FALSE,0.192808412178177,0.207191587821823
0.4,180,TRUE,0.252218244516255,0.147781755483745
0.4,181,FALSE,-0.156347949058622,0.556347949058622
0.4,181,TRUE,-1.45192057474523,1.85192057474523
0.4,182,FALSE,0.822642777501346,0.422642777501346
0.4,182,TRUE,0.461528850376486,0.0615288503764861
0.4,183,FALSE,0.306923578972698,0.0930764210273019
0.4,183,TRUE,-0.608101100084542,1.00810110008454
0.4,184,FALSE,0.266214882605642,0.133785117394358
0.4,184,TRUE,2.18268346463304,1.78268346463304
0.4,185,FALSE,0.388615361206378,0.0113846387936217
0.4,185,TRUE,0.383450208744124,0.0165497912558756
0.4,186,FALSE,0.532187932214863,0.132187932214863
0.4,186,TRUE,-0.0802358309117057,0.480235830911706
0.4,187,FALSE,0.74312005908832,0.34312005908832
0.4,187,TRUE,1.82427953319339,1.42427953319339
0.4,188,FALSE,0.159950241684377,0.240049758315623
0.4,188,TRUE,0.763208939012599,0.363208939012599
0.4,189,FALSE,0.69662546111946,0.29662546111946
0.4,189,TRUE,0.67307106872265,0.273071068722651
0.4,190,FALSE,0.17021797264836,0.22978202735164
0.4,190,TRUE,0.109468689678053,0.290531310321947
0.4,191,FALSE,0.275164909523646,0.124835090476354
0.4,191,TRUE,-0.874900256925859,1.27490025692586
0.4,192,FALSE,0.641271435085055,0.241271435085055
0.4,192,TRUE,0.248194606710339,0.151805393289661
0.4,193,FALSE,-0.00727960729106183,0.407279607291062
0.4,193,TRUE,0.845853603801328,0.445853603801328
0.4,194,FALSE,0.374978672277527,0.0250213277224733
0.4,194,TRUE,-0.375494323404536,0.775494323404536
0.4,195,FALSE,0.49498137425927,0.0949813742592697
0.4,195,TRUE,1.1880577754339,0.788057775433898
0.4,196,FALSE,0.799730040256145,0.399730040256145
0.4,196,TRUE,0.745251664653706,0.345251664653706
0.4,197,FALSE,0.504964849478488,0.104964849478488
0.4,197,TRUE,0.608788635575729,0.208788635575729
0.4,198,FALSE,0.388034581829665,0.0119654181703348
0.4,198,TRUE,0.865320489700035,0.465320489700035
0.4,199,FALSE,0.0668093191940813,0.333190680805919
0.4,199,TRUE,0.337880114928343,0.0621198850716567
0.4,200,FALSE,0.792563424020535,0.392563424020535
0.4,200,TRUE,-0.746702920648281,1.14670292064828
1.6,1,FALSE,1.93568191265671,0.335681912656706
1.6,1,TRUE,1.83236561577529,0.232365615775288
1.6,2,FALSE,1.28997335676771,0.310026643232288
1.6,2,TRUE,1.92386016258945,0.323860162589452
1.6,3,FALSE,1.59400284766778,0.00599715233221665
1.6,3,TRUE,1.59490106653093,0.00509893346907231
1.6,4,FALSE,2.16214772674386,0.562147726743861
1.6,4,TRUE,1.91248181666317,0.312481816663172
1.6,5,FALSE,1.41376615927515,0.186233840724851
1.6,5,TRUE,1.65656962896977,0.0565696289697748
1.6,6,FALSE,1.75158260807313,0.151582608073129
1.6,6,TRUE,1.51377931159484,0.0862206884051582
1.6,7,FALSE,1.74027899959102,0.140278999591016
1.6,7,TRUE,1.43419697409943,0.165803025900573
1.6,8,FALSE,2.0356161042024,0.435616104202396
1.6,8,TRUE,1.30964716470906,0.290352835290945
1.6,9,FALSE,1.45146826674442,0.148531733255578
1.6,9,TRUE,0.38503914828311,1.21496085171689
1.6,10,FALSE,1.84645604902625,0.246456049026246
1.6,10,TRUE,2.28578051102151,0.685780511021512
1.6,11,FALSE,1.5365045432554,0.0634954567445969
1.6,11,TRUE,1.66848913666347,0.0684891366634715
1.6,12,FALSE,1.93472240313204,0.334722403132041
1.6,12,TRUE,2.57935124109445,0.979351241094446
1.6,13,FALSE,1.61571545352049,0.0157154535204871
1.6,13,TRUE,1.34229180946432,0.257708190535682
1.6,14,FALSE,1.55108030726502,0.0489196927349829
1.6,14,TRUE,1.96930742309466,0.36930742309466
1.6,15,FALSE,1.63025054828933,0.0302505482893283
1.6,15,TRUE,0.52918595030753,1.07081404969247
1.6,16,FALSE,1.99609897330048,0.396098973300484
1.6,16,TRUE,1.19448315027131,0.405516849728694
1.6,17,FALSE,1.93353960330976,0.333539603309759
1.6,17,TRUE,2.03766410796818,0.437664107968184
1.6,18,FALSE,1.8208311127399,0.220831112739905
1.6,18,TRUE,1.66729267048406,0.06729267048406
1.6,19,FALSE,2.21635690390893,0.616356903908934
1.6,19,TRUE,2.01071696210937,0.410716962109372
1.6,20,FALSE,1.89642940581927,0.296429405819266
1.6,20,TRUE,1.81651472460551,0.216514724605509
1.6,21,FALSE,1.66028939712636,0.0602893971263629
1.6,21,TRUE,1.72018278397075,0.120182783970751
1.6,22,FALSE,1.66682282370302,0.0668228237030202
1.6,22,TRUE,1.16846901674457,0.431530983255435
1.6,23,FALSE,2.22809960129483,0.628099601294832
1.6,23,TRUE,1.71342600582459,0.113426005824593
1.6,24,FALSE,1.66326083369755,0.0632608336975451
1.6,24,TRUE,1.20120369261738,0.398796307382623
1.6,25,FALSE,2.05969672460196,0.45969672460196
1.6,25,TRUE,1.57369575305109,0.0263042469489054
1.6,26,FALSE,1.75164580477267,0.151645804772674
1.6,26,TRUE,1.57814589134381,0.0218541086561854
1.6,27,FALSE,2.01110132404031,0.411101324040312
1.6,27,TRUE,1.91110418711959,0.311104187119589
1.6,28,FALSE,1.82582982631709,0.225829826317089
1.6,28,TRUE,0.874968267442419,0.725031732557581
1.6,29,FALSE,1.80636124457423,0.20636124457423
1.6,29,TRUE,2.76547118330647,1.16547118330647
1.6,30,FALSE,1.11599722824398,0.484002771756021
1.6,30,TRUE,-0.499661846681285,2.09966184668129
1.6,31,FALSE,1.92306813889464,0.323068138894636
1.6,31,TRUE,1.72739570121484,0.127395701214841
1.6,32,FALSE,1.86187238901818,0.261872389018183
1.6,32,TRUE,1.2438107840546,0.3561892159454
1.6,33,FALSE,1.67693712048894,0.0769371204889409
1.6,33,TRUE,0.689575367214125,0.910424632785875
1.6,34,FALSE,1.85258599460488,0.252585994604882
1.6,34,TRUE,2.28580657764695,0.685806577646953
1.6,35,FALSE,1.51839428423696,0.0816057157630403
1.6,35,TRUE,2.00082323978518,0.400823239785184
1.6,36,FALSE,2.07693292966455,0.476932929664552
1.6,36,TRUE,1.40665525236235,0.193344747637648
1.6,37,FALSE,1.99123374584361,0.391233745843606
1.6,37,TRUE,2.38033621454758,0.780336214547578
1.6,38,FALSE,1.91091176942642,0.310911769426417
1.6,38,TRUE,1.26646916919109,0.333530830808915
1.6,39,FALSE,2.35647991521537,0.756479915215373
1.6,39,TRUE,2.39237378116973,0.79237378116973
1.6,40,FALSE,1.05692403089999,0.543075969100011
1.6,40,TRUE,0.832949407807145,0.767050592192856
1.6,41,FALSE,2.10692295133743,0.506922951337431
1.6,41,TRUE,2.65524938412018,1.05524938412018
1.6,42,FALSE,1.11318692530403,0.486813074695967
1.6,42,TRUE,1.5479371895119,0.0520628104881034
1.6,43,FALSE,1.78094136547432,0.180941365474315
1.6,43,TRUE,1.0649057805187,0.535094219481301
1.6,44,FALSE,1.44260658014558,0.15739341985442
1.6,44,TRUE,2.28779940596558,0.687799405965578
1.6,45,FALSE,1.94953398641506,0.349533986415057
1.6,45,TRUE,1.7191300077224,0.1191300077224
1.6,46,FALSE,2.01954798871517,0.419547988715171
1.6,46,TRUE,2.48520771052033,0.885207710520331
1.6,47,FALSE,2.07797617471183,0.477976174711833
1.6,47,TRUE,3.2049180339425,1.6049180339425
1.6,48,FALSE,1.55483276610839,0.04516723389161
1.6,48,TRUE,1.4455394219143,0.154460578085699
1.6,49,FALSE,1.57933208746828,0.0206679125317204
1.6,49,TRUE,0.79765890687046,0.80234109312954
1.6,50,FALSE,2.21440837362138,0.614408373621382
1.6,50,TRUE,2.47977794272703,0.879777942727028
1.6,51,FALSE,1.49033567423994,0.109664325760058
1.6,51,TRUE,1.29794310479236,0.302056895207638
1.6,52,FALSE,1.8205413063348,0.220541306334798
1.6,52,TRUE,0.753960848265144,0.846039151734856
1.6,53,FALSE,1.82609534707479,0.226095347074787
1.6,53,TRUE,2.10238826448533,0.502388264485331
1.6,54,FALSE,1.68826002738796,0.088260027387957
1.6,54,TRUE,2.5606691607376,0.960669160737605
1.6,55,FALSE,0.837774408467257,0.762225591532743
1.6,55,TRUE,0.68428478344927,0.91571521655073
1.6,56,FALSE,1.73831254074325,0.138312540743249
1.6,56,TRUE,1.35934201079009,0.24065798920991
1.6,57,FALSE,1.63599290047059,0.0359929004705919
1.6,57,TRUE,0.860154101959208,0.739845898040792
1.6,58,FALSE,1.78290236758024,0.182902367580236
1.6,58,TRUE,1.38155327238783,0.218446727612172
1.6,59,FALSE,1.86570877564117,0.265708775641171
1.6,59,TRUE,1.39364751914277,0.206352480857229
1.6,60,FALSE,1.60029997169418,0.00029997169417717
1.6,60,TRUE,1.61002018224777,0.0100201822477657
1.6,61,FALSE,1.86677456234942,0.266774562349418
1.6,61,TRUE,1.92011889800838,0.320118898008376
1.6,62,FALSE,1.95307696916963,0.353076969169626
1.6,62,TRUE,2.00260421396852,0.402604213968522
1.6,63,FALSE,1.4938838497758,0.106116150224202
1.6,63,TRUE,-0.0628502333081006,1.6628502333081
1.6,64,FALSE,1.64489412624303,0.0448941262430314
1.6,64,TRUE,1.53018448192841,0.0698155180715876
1.6,65,FALSE,1.80804197930884,0.208041979308843
1.6,65,TRUE,1.44883373049252,0.151166269507484
1.6,66,FALSE,1.55180843641491,0.0481915635850885
1.6,66,TRUE,1.04447432621557,0.555525673784435
1.6,67,FALSE,1.58635543690724,0.0136445630927557
1.6,67,TRUE,1.61728803959311,0.0172880395931114
1.6,68,FALSE,1.89865233313847,0.298652333138473
1.6,68,TRUE,2.04739644225405,0.447396442254049
1.6,69,FALSE,1.70254686252443,0.102546862524433
1.6,69,TRUE,2.13879980835698,0.538799808356984
1.6,70,FALSE,1.68980383698363,0.0898038369836307
1.6,70,TRUE,1.70232880786261,0.102328807862615
1.6,71,FALSE,1.73785382916905,0.137853829169045
1.6,71,TRUE,1.17093994481993,0.429060055180073
1.6,72,FALSE,1.93415077988632,0.334150779886323
1.6,72,TRUE,2.13309003489196,0.533090034891956
1.6,73,FALSE,2.07587983378389,0.475879833783889
1.6,73,TRUE,1.05582217926361,0.54417782073639
1.6,74,FALSE,1.45873965615586,0.14126034384414
1.6,74,TRUE,2.2075970176985,0.607597017698502
1.6,75,FALSE,2.154094039854,0.554094039854002
1.6,75,TRUE,0.652621700058552,0.947378299941448
1.6,76,FALSE,1.7712148594191,0.171214859419102
1.6,76,TRUE,0.899123546435225,0.700876453564776
1.6,77,FALSE,2.10475620922566,0.504756209225659
1.6,77,TRUE,1.43126851555674,0.168731484443256
1.6,78,FALSE,2.15072488198935,0.550724881989352
1.6,78,TRUE,1.74600257651761,0.146002576517612
1.6,79,FALSE,1.9454331708079,0.345433170807901
1.6,79,TRUE,1.6057481009237,0.00574810092370326
1.6,80,FALSE,1.7202122676003,0.120212267600296
1.6,80,TRUE,1.90141145078341,0.301411450783413
1.6,81,FALSE,2.37350681455842,0.773506814558422
1.6,81,TRUE,2.33887125017004,0.738871250170038
1.6,82,FALSE,2.08928234217054,0.489282342170542
1.6,82,TRUE,1.63535451816542,0.0353545181654205
1.6,83,FALSE,1.23229836909893,0.36770163090107
1.6,83,TRUE,1.4344494578778,0.1655505421222
1.6,84,FALSE,1.69080650781923,0.0908065078192324
1.6,84,TRUE,1.02802793324958,0.571972066750423
1.6,85,FALSE,1.58046258049119,0.0195374195088065
1.6,85,TRUE,1.07806822209633,0.521931777903671
1.6,86,FALSE,1.57005861632521,0.029941383674789
1.6,86,TRUE,1.09142695662551,0.50857304337449
1.6,87,FALSE,1.4821068851316,0.117893114868397
1.6,87,TRUE,1.45228686750591,0.147713132494091
1.6,88,FALSE,1.48662693576946,0.113373064230538
1.6,88,TRUE,0.498081714281935,1.10191828571807
1.6,89,FALSE,1.84582661695789,0.245826616957885
1.6,89,TRUE,1.24084487096775,0.359155129032248
1.6,90,FALSE,1.69915261287627,0.0991526128762679
1.6,90,TRUE,1.67502490428928,0.0750249042892757
1.6,91,FALSE,1.77069232343048,0.170692323430479
1.6,91,TRUE,2.12743814118664,0.527438141186638
1.6,92,FALSE,1.47391197254634,0.126088027453658
1.6,92,TRUE,0.929750181401335,0.670249818598665
1.6,93,FALSE,2.07511419084728,0.475114190847284
1.6,93,TRUE,2.42750514490822,0.827505144908219
1.6,94,FALSE,1.9810028130802,0.3810028130802
1.6,94,TRUE,1.42653499917531,0.17346500082469
1.6,95,FALSE,2.42792284124358,0.82792284124358
1.6,95,TRUE,2.04844198288885,0.448441982888849
1.6,96,FALSE,1.72337668672884,0.12337668672884
1.6,96,TRUE,1.14252393822412,0.457476061775876
1.6,97,FALSE,1.28518654308493,0.314813456915071
1.6,97,TRUE,0.430813038777334,1.16918696122267
1.6,98,FALSE,2.06296429001307,0.462964290013075
1.6,98,TRUE,1.46538135554994,0.134618644450058
1.6,99,FALSE,1.75732073297333,0.157320732973333
1.6,99,TRUE,-0.208673614809638,1.80867361480964
1.6,100,FALSE,1.58462599369669,0.0153740063033139
1.6,100,TRUE,1.19495861414718,0.405041385852824
1.6,101,FALSE,2.09502619081899,0.49502619081899
1.6,101,TRUE,1.34043867700365,0.259561322996346
1.6,102,FALSE,2.6457904854914,1.0457904854914
1.6,102,TRUE,2.74706790932999,1.14706790932999
1.6,103,FALSE,1.28346336992256,0.316536630077437
1.6,103,TRUE,1.57174768247573,0.0282523175242675
1.6,104,FALSE,1.97021379539719,0.370213795397188
1.6,104,TRUE,2.17625758862213,0.576257588622133
1.6,105,FALSE,1.74687079261564,0.146870792615643
1.6,105,TRUE,1.88657176439892,0.286571764398921
1.6,106,FALSE,2.15172082357142,0.551720823571422
1.6,106,TRUE,1.78041645058074,0.180416450580735
1.6,107,FALSE,2.12886228323314,0.528862283233142
1.6,107,TRUE,1.99454289960099,0.394542899600988
1.6,108,FALSE,1.37773097244703,0.222269027552974
1.6,108,TRUE,1.88408774275626,0.284087742756257
1.6,109,FALSE,1.91268373355043,0.312683733550427
1.6,109,TRUE,2.14795754499802,0.547957544998018
1.6,110,FALSE,1.67293929325715,0.0729392932571544
1.6,110,TRUE,1.55857127940221,0.0414287205977917
1.6,111,FALSE,2.24953441328651,0.649534413286511
1.6,111,TRUE,1.92910451216298,0.329104512162975
1.6,112,FALSE,1.85680986105653,0.256809861056527
1.6,112,TRUE,2.07594076259553,0.47594076259553
1.6,113,FALSE,1.61161241025571,0.0116124102557145
1.6,113,TRUE,1.71917618404151,0.11917618404151
1.6,114,FALSE,1.63540751364674,0.0354075136467449
1.6,114,TRUE,1.54106472255258,0.0589352774474188
1.6,115,FALSE,1.7776275127277,0.177627512727697
1.6,115,TRUE,0.971638164102466,0.628361835897534
1.6,116,FALSE,1.67362063507081,0.0736206350708093
1.6,116,TRUE,0.944235636683904,0.655764363316096
1.6,117,FALSE,1.6431338459823,0.0431338459822959
1.6,117,TRUE,0.840560434933798,0.759439565066202
1.6,118,FALSE,2.05727401007992,0.457274010079921
1.6,118,TRUE,2.62120462203636,1.02120462203636
1.6,119,FALSE,2.02290078914123,0.42290078914123
1.6,119,TRUE,1.91867803494397,0.318678034943974
1.6,120,FALSE,1.37042055923674,0.229579440763257
1.6,120,TRUE,0.849619244068292,0.750380755931708
1.6,121,FALSE,2.27992070579706,0.679920705797063
1.6,121,TRUE,2.53662986670591,0.936629866705913
1.6,122,FALSE,1.21942053022754,0.380579469772455
1.6,122,TRUE,0.73871494821304,0.86128505178696
1.6,123,FALSE,1.75180450276705,0.151804502767045
1.6,123,TRUE,1.3187400153586,0.281259984641395
1.6,124,FALSE,1.34325929072068,0.256740709279316
1.6,124,TRUE,1.83326471545334,0.23326471545334
1.6,125,FALSE,1.46714346535575,0.132856534644252
1.6,125,TRUE,1.61006443729202,0.0100644372920244
1.6,126,FALSE,1.1484368609966,0.451563139003405
1.6,126,TRUE,1.53286041866581,0.0671395813341906
1.6,127,FALSE,1.77421496224129,0.174214962241288
1.6,127,TRUE,1.21638725408703,0.383612745912968
1.6,128,FALSE,1.53733854935989,0.0626614506401098
1.6,128,TRUE,2.77048783107542,1.17048783107542
1.6,129,FALSE,1.33117703041939,0.268822969580609
1.6,129,TRUE,1.32462137664162,0.275378623358378
1.6,130,FALSE,1.62481257331935,0.0248125733193498
1.6,130,TRUE,0.829712905153321,0.770287094846679
1.6,131,FALSE,1.92164239302937,0.321642393029369
1.6,131,TRUE,0.98333916199924,0.61666083800076
1.6,132,FALSE,1.89078626706637,0.290786267066366
1.6,132,TRUE,2.07845492998471,0.478454929984707
1.6,133,FALSE,1.86202803137403,0.262028031374027
1.6,133,TRUE,2.4575299823682,0.857529982368202
1.6,134,FALSE,1.43342333128311,0.166576668716892
1.6,134,TRUE,2.66398242708162,1.06398242708162
1.6,135,FALSE,2.15197973467876,0.551979734678764
1.6,135,TRUE,1.05203098156463,0.547969018435367
1.6,136,FALSE,1.99835040553892,0.398350405538916
1.6,136,TRUE,2.69974817239547,1.09974817239547
1.6,137,FALSE,2.03671574834498,0.436715748344981
1.6,137,TRUE,3.06877544627005,1.46877544627005
1.6,138,FALSE,1.77490404973641,0.174904049736405
1.6,138,TRUE,1.47483916617377,0.125160833826232
1.6,139,FALSE,1.53115601407718,0.068843985922818
1.6,139,TRUE,1.60343030337988,0.00343030337988304
1.6,140,FALSE,2.22897533755631,0.62897533755631
1.6,140,TRUE,2.47402338935607,0.874023389356068
1.6,141,FALSE,2.55440775972934,0.954407759729338
1.6,141,TRUE,2.37570664165267,0.775706641652666
1.6,142,FALSE,1.79252595876501,0.192525958765008
1.6,142,TRUE,1.59183362664174,0.0081663733582551
1.6,143,FALSE,1.97127374014671,0.371273740146707
1.6,143,TRUE,1.88151190822695,0.281511908226955
1.6,144,FALSE,1.26808730339418,0.331912696605825
1.6,144,TRUE,2.64546449001391,1.04546449001391
1.6,145,FALSE,1.10303315490724,0.496966845092762
1.6,145,TRUE,1.4009607596311,0.199039240368902
1.6,146,FALSE,1.44734364706086,0.15265635293914
1.6,146,TRUE,0.891307723577637,0.708692276422363
1.6,147,FALSE,1.9386307639522,0.3386307639522
1.6,147,TRUE,1.446906250761,0.153093749239004
1.6,148,FALSE,1.4110046038244,0.188995396175602
1.6,148,TRUE,2.03325118019347,0.433251180193472
1.6,149,FALSE,1.79996089623687,0.199960896236866
1.6,149,TRUE,1.52370275589742,0.0762972441025753
1.6,150,FALSE,1.92300354002542,0.323003540025423
1.6,150,TRUE,1.30924926402795,0.290750735972054
1.6,151,FALSE,2.40334515224432,0.803345152244319
1.6,151,TRUE,3.0194247807063,1.4194247807063
1.6,152,FALSE,1.79405762895881,0.19405762895881
1.6,152,TRUE,1.05277968612601,0.547220313873987
1.6,153,FALSE,1.63307125411182,0.0330712541118219
1.6,153,TRUE,1.34025175619101,0.259748243808992
1.6,154,FALSE,1.64566838124504,0.0456683812450358
1.6,154,TRUE,0.533280348626996,1.066719651373
1.6,155,FALSE,1.46801559220745,0.131984407792551
1.6,155,TRUE,1.56198021713535,0.0380197828646496
1.6,156,FALSE,2.20126076475587,0.601260764755867
1.6,156,TRUE,1.31084628096735,0.289153719032646
1.6,157,FALSE,2.20752759455857,0.607527594558567
1.6,157,TRUE,0.928843923578849,0.671156076421151
1.6,158,FALSE,1.78287005082051,0.18287005082051
1.6,158,TRUE,1.52182625158626,0.078173748413737
1.6,159,FALSE,2.16620495071886,0.566204950718861
1.6,159,TRUE,2.37733910731733,0.777339107317332
1.6,160,FALSE,2.17783862410744,0.577838624107436
1.6,160,TRUE,2.3198479656026,0.719847965602602
1.6,161,FALSE,2.12146432021523,0.521464320215227
1.6,161,TRUE,1.28649603827208,0.313503961727915
1.6,162,FALSE,2.02718165073773,0.42718165073773
1.6,162,TRUE,2.60879047980388,1.00879047980388
1.6,163,FALSE,1.81359050205759,0.213590502057589
1.6,163,TRUE,0.606090029592628,0.993909970407372
1.6,164,FALSE,1.35973889153285,0.240261108467154
1.6,164,TRUE,1.29345155117291,0.306548448827086
1.6,165,FALSE,1.99035005058452,0.390350050584524
1.6,165,TRUE,2.20367170011411,0.603671700114113
1.6,166,FALSE,1.38074964907017,0.219250350929825
1.6,166,TRUE,0.970178316260671,0.629821683739329
1.6,167,FALSE,1.55071863225961,0.0492813677403869
1.6,167,TRUE,0.986055264659375,0.613944735340625
1.6,168,FALSE,1.86487782929366,0.264877829293664
1.6,168,TRUE,1.41263386292082,0.187366137079178
1.6,169,FALSE,0.870878916139295,0.729121083860705
1.6,169,TRUE,0.848690529341686,0.751309470658314
1.6,170,FALSE,1.50400664852031,0.0959933514796938
1.6,170,TRUE,1.64715022351142,0.0471502235114225
1.6,171,FALSE,1.69535039168687,0.0953503916868743
1.6,171,TRUE,1.62987169809532,0.0298716980953235
1.6,172,FALSE,1.66994434091491,0.0699443409149063
1.6,172,TRUE,1.44383930440695,0.156160695593046
1.6,173,FALSE,2.33063985392354,0.730639853923542
1.6,173,TRUE,2.32867674824711,0.728676748247114
1.6,174,FALSE,1.24754701250549,0.352452987494507
1.6,174,TRUE,1.39546042607036,0.204539573929643
1.6,175,FALSE,1.66662491326081,0.066624913260811
1.6,175,TRUE,0.990239029281187,0.609760970718813
1.6,176,FALSE,1.65575532039506,0.0557553203950634
1.6,176,TRUE,1.75309459718346,0.153094597183465
1.6,177,FALSE,1.20283044507754,0.39716955492246
1.6,177,TRUE,0.562710523367035,1.03728947663297
1.6,178,FALSE,1.64284037733381,0.042840377333806
1.6,178,TRUE,1.58093971706107,0.019060282938933
1.6,179,FALSE,1.34995137952673,0.250048620473268
1.6,179,TRUE,2.09755237874444,0.497552378744442
1.6,180,FALSE,2.20745505023547,0.607455050235467
1.6,180,TRUE,2.03963662572669,0.439636625726689
1.6,181,FALSE,2.21138534257154,0.611385342571538
1.6,181,TRUE,1.1043301029,0.495669897100004
1.6,182,FALSE,2.08319076224355,0.483190762243547
1.6,182,TRUE,1.73017798799947,0.130177987999466
1.6,183,FALSE,2.34577922036772,0.745779220367717
1.6,183,TRUE,3.12040540775949,1.52040540775949
1.6,184,FALSE,1.75061715421542,0.150617154215417
1.6,184,TRUE,1.15106789327407,0.448932106725927
1.6,185,FALSE,1.51901662094331,0.0809833790566887
1.6,185,TRUE,1.99914630556095,0.399146305560953
1.6,186,FALSE,1.41857814199971,0.181421858000286
1.6,186,TRUE,1.85221144769398,0.252211447693977
1.6,187,FALSE,2.24504853275247,0.64504853275247
1.6,187,TRUE,2.27140365829835,0.671403658298351
1.6,188,FALSE,1.90425512073804,0.304255120738038
1.6,188,TRUE,1.46002822046494,0.139971779535062
1.6,189,FALSE,1.86075178752006,0.260751787520064
1.6,189,TRUE,2.1409621794991,0.540962179499104
1.6,190,FALSE,1.65830838759582,0.058308387595815
1.6,190,TRUE,1.74937986203445,0.149379862034449
1.6,191,FALSE,1.83669386887363,0.236693868873626
1.6,191,TRUE,-0.170154537417937,1.77015453741794
1.6,192,FALSE,1.80105919956374,0.201059199563739
1.6,192,TRUE,2.09106631745251,0.491066317452508
1.6,193,FALSE,1.61365375784259,0.0136537578425857
1.6,193,TRUE,1.10151000233304,0.498489997666964
1.6,194,FALSE,1.29161333486671,0.308386665133293
1.6,194,TRUE,0.41921271818387,1.18078728181613
1.6,195,FALSE,1.42170688844074,0.178293111559263
1.6,195,TRUE,1.5232593242233,0.0767406757767026
1.6,196,FALSE,1.61435524052286,0.0143552405228631
1.6,196,TRUE,2.39000741941533,0.790007419415331
1.6,197,FALSE,1.84610391052007,0.246103910520067
1.6,197,TRUE,1.85025554557782,0.250255545577817
1.6,198,FALSE,2.04628279722063,0.446282797220626
1.6,198,TRUE,2.94076717328742,1.34076717328742
1.6,199,FALSE,2.04829030370974,0.448290303709744
1.6,199,TRUE,1.17469826124167,0.425301738758334
1.6,200,FALSE,2.16372064601077,0.563720646010769
1.6,200,TRUE,2.22778336623778,0.627783366237784
2.8,1,FALSE,2.23030486844779,0.569695131552211
2.8,1,TRUE,1.96301648185183,0.83698351814817
2.8,2,FALSE,2.56314274600408,0.236857253995918
2.8,2,TRUE,1.81346301725744,0.986536982742562
2.8,3,FALSE,2.5528768234948,0.247123176505198
2.8,3,TRUE,2.42376764646331,0.376232353536691
2.8,4,FALSE,3.47335335669534,0.673353356695342
2.8,4,TRUE,1.95842059627308,0.841579403726919
2.8,5,FALSE,2.14503103500346,0.654968964996539
2.8,5,TRUE,1.25539966150213,1.54460033849787
2.8,6,FALSE,2.70386397234908,0.0961360276509153
2.8,6,TRUE,1.98137939289386,0.818620607106137
2.8,7,FALSE,2.74466344697531,0.0553365530246928
2.8,7,TRUE,2.56690516861081,0.233094831389189
2.8,8,FALSE,3.42838564743896,0.628385647438961
2.8,8,TRUE,3.31328863499309,0.513288634993088
2.8,9,FALSE,3.13918240568171,0.339182405681707
2.8,9,TRUE,2.54209404448998,0.257905955510019
2.8,10,FALSE,2.72187485191378,0.0781251480862153
2.8,10,TRUE,2.5303980094378,0.269601990562195
2.8,11,FALSE,3.51304897505311,0.71304897505311
2.8,11,TRUE,2.85554675709375,0.0555467570937496
2.8,12,FALSE,2.6458352430328,0.154164756967198
2.8,12,TRUE,1.64675690160866,1.15324309839134
2.8,13,FALSE,2.53614881056631,0.263851189433687
2.8,13,TRUE,1.59213510137714,1.20786489862286
2.8,14,FALSE,3.97023999727549,1.17023999727549
2.8,14,TRUE,3.98433308571589,1.18433308571589
2.8,15,FALSE,2.5997897515886,0.200210248411403
2.8,15,TRUE,1.56055739082727,1.23944260917273
2.8,16,FALSE,3.19278079920417,0.392780799204165
2.8,16,TRUE,2.87499840019561,0.0749984001956134
2.8,17,FALSE,3.6967755115119,0.896775511511896
2.8,17,TRUE,2.6018456904221,0.198154309577898
2.8,18,FALSE,2.89326113662025,0.0932611366202543
2.8,18,TRUE,1.83068903549701,0.969310964502991
2.8,19,FALSE,3.46810698070285,0.668106980702854
2.8,19,TRUE,2.47627747124151,0.323722528758494
2.8,20,FALSE,3.05262318943067,0.25262318943067
2.8,20,TRUE,2.64175646465608,0.158243535343917
2.8,21,FALSE,2.65741083824281,0.142589161757188
2.8,21,TRUE,3.92516848282595,1.12516848282595
2.8,22,FALSE,3.28096138461349,0.480961384613494
2.8,22,TRUE,1.85457957150126,0.945420428498738
2.8,23,FALSE,3.22094193351666,0.420941933516665
2.8,23,TRUE,2.97665157415978,0.176651574159779
2.8,24,FALSE,2.69586694761583,0.104133052384169
2.8,24,TRUE,2.43648647404459,0.363513525955406
2.8,25,FALSE,3.41179652213292,0.611796522132917
2.8,25,TRUE,2.71076822357421,0.089231776425788
2.8,26,FALSE,3.32910017283375,0.529100172833753
2.8,26,TRUE,3.2769695953545,0.476969595354504
2.8,27,FALSE,3.716711949355,0.916711949354995
2.8,27,TRUE,2.3273870762633,0.4726129237367
2.8,28,FALSE,3.34180923202808,0.541809232028079
2.8,28,TRUE,3.17668277628123,0.37668277628123
2.8,29,FALSE,2.94405536868192,0.144055368681919
2.8,29,TRUE,2.61057559026816,0.189424409731838
2.8,30,FALSE,4.14931115271813,1.34931115271813
2.8,30,TRUE,1.70961275021298,1.09038724978702
2.8,31,FALSE,2.52851562925191,0.271484370748092
2.8,31,TRUE,1.95134212425207,0.848657875747931
2.8,32,FALSE,3.12301701006882,0.323017010068821
2.8,32,TRUE,2.11652988203101,0.683470117968986
2.8,33,FALSE,3.19967293148697,0.399672931486974
2.8,33,TRUE,2.77042214060694,0.0295778593930605
2.8,34,FALSE,2.9396029569239,0.139602956923901
2.8,34,TRUE,1.61889192765098,1.18110807234902
2.8,35,FALSE,2.34824165162625,0.451758348373748
2.8,35,TRUE,2.44212805298017,0.35787194701983
2.8,36,FALSE,3.70672378578185,0.90672378578185
2.8,36,TRUE,2.31284894401395,0.487151055986049
2.8,37,FALSE,2.8520157578839,0.0520157578838969
2.8,37,TRUE,2.8273969602674,0.0273969602674047
2.8,38,FALSE,3.34396995482524,0.543969954825236
2.8,38,TRUE,2.4319967550103,0.368003244989698
2.8,39,FALSE,2.60278219345161,0.197217806548392
2.8,39,TRUE,2.39351993165557,0.406480068344429
2.8,40,FALSE,2.62585211539674,0.174147884603259
2.8,40,TRUE,2.06375086687965,0.736249133120346
2.8,41,FALSE,3.14436263204715,0.344362632047148
2.8,41,TRUE,2.34329855057399,0.456701449426013
2.8,42,FALSE,3.2519806755625,0.451980675562505
2.8,42,TRUE,3.04765054813584,0.247650548135843
2.8,43,FALSE,2.80093657202214,0.000936572022138815
2.8,43,TRUE,1.62022154654463,1.17977845345537
2.8,44,FALSE,3.4752153126823,0.675215312682298
2.8,44,TRUE,1.57163381796754,1.22836618203246
2.8,45,FALSE,2.49175876043267,0.30824123956733
2.8,45,TRUE,2.20914141938562,0.590858580614383
2.8,46,FALSE,3.93987776163814,1.13987776163814
2.8,46,TRUE,3.14095429624794,0.340954296247941
2.8,47,FALSE,2.82170753102953,0.0217075310295334
2.8,47,TRUE,1.95845945840541,0.84154054159459
2.8,48,FALSE,2.98994931816508,0.189949318165084
2.8,48,TRUE,2.22359117310118,0.576408826898819
2.8,49,FALSE,3.64824166463518,0.848241664635178
2.8,49,TRUE,2.23946667462699,0.560533325373014
2.8,50,FALSE,3.79801176575519,0.998011765755192
2.8,50,TRUE,1.66956550614764,1.13043449385236
2.8,51,FALSE,2.44995107297623,0.350048927023765
2.8,51,TRUE,1.96585788746094,0.834142112539061
2.8,52,FALSE,2.60305554421128,0.196944455788716
2.8,52,TRUE,1.48148460891932,1.31851539108068
2.8,53,FALSE,2.53228674388454,0.267713256115459
2.8,53,TRUE,2.46577259019503,0.334227409804969
2.8,54,FALSE,3.16089828286255,0.360898282862551
2.8,54,TRUE,0.941381793907338,1.85861820609266
2.8,55,FALSE,2.75133765647223,0.0486623435277735
2.8,55,TRUE,1.42444323465445,1.37555676534555
2.8,56,FALSE,3.61036560910563,0.810365609105634
2.8,56,TRUE,2.13360103151307,0.666398968486931
2.8,57,FALSE,2.84455478302035,0.0445547830203545
2.8,57,TRUE,2.0726206544352,0.727379345564802
2.8,58,FALSE,2.70737623589513,0.092623764104868
2.8,58,TRUE,1.84637739326153,0.953622606738475
2.8,59,FALSE,3.29823988646807,0.498239886468069
2.8,59,TRUE,1.91946000027162,0.880539999728376
2.8,60,FALSE,2.86120324191598,0.0612032419159823
2.8,60,TRUE,2.78315912335324,0.0168408766467634
2.8,61,FALSE,3.34866634296407,0.548666342964073
2.8,61,TRUE,2.72703006857054,0.0729699314294612
2.8,62,FALSE,3.7180512085707,0.918051208570703
2.8,62,TRUE,1.50415986812684,1.29584013187316
2.8,63,FALSE,2.83505805716319,0.0350580571631931
2.8,63,TRUE,2.51027712810818,0.289722871891816
2.8,64,FALSE,2.67055549787299,0.129444502127011
2.8,64,TRUE,1.82667242383371,0.973327576166285
2.8,65,FALSE,2.85236326554001,0.0523632655400075
2.8,65,TRUE,1.53877072070342,1.26122927929658
2.8,66,FALSE,2.29293219475868,0.507067805241316
2.8,66,TRUE,1.31389893147293,1.48610106852707
2.8,67,FALSE,3.98823201367953,1.18823201367953
2.8,67,TRUE,2.90828922244777,0.108289222447768
2.8,68,FALSE,2.71771157964486,0.0822884203551433
2.8,68,TRUE,0.953780772904112,1.84621922709589
2.8,69,FALSE,2.67989661557106,0.120103384428936
2.8,69,TRUE,0.762516648866797,2.0374833511332
2.8,70,FALSE,2.4781647193417,0.321835280658303
2.8,70,TRUE,0.995190514334657,1.80480948566534
2.8,71,FALSE,3.02159651926531,0.221596519265311
2.8,71,TRUE,2.96890362596421,0.168903625964206
2.8,72,FALSE,2.51397155414521,0.286028445854793
2.8,72,TRUE,1.08681352330325,1.71318647669675
2.8,73,FALSE,3.3909802777477,0.590980277747704
2.8,73,TRUE,2.93666248379798,0.136662483797978
2.8,74,FALSE,3.04768768248948,0.247687682489478
2.8,74,TRUE,2.46213479344608,0.337865206553924
2.8,75,FALSE,3.29061915183383,0.49061915183383
2.8,75,TRUE,2.74731516061256,0.0526848393874446
2.8,76,FALSE,2.71800845127241,0.081991548727594
2.8,76,TRUE,3.5487539561629,0.748753956162901
2.8,77,FALSE,3.26211207380441,0.46211207380441
2.8,77,TRUE,2.61421438567105,0.185785614328949
2.8,78,FALSE,2.84305825260539,0.0430582526053871
2.8,78,TRUE,2.05849022149856,0.741509778501439
2.8,79,FALSE,2.47056802388973,0.329431976110271
2.8,79,TRUE,2.20596128672822,0.594038713271777
2.8,80,FALSE,2.52196126415052,0.278038735849476
2.8,80,TRUE,1.51096238159006,1.28903761840994
2.8,81,FALSE,2.88900255639253,0.0890025563925336
2.8,81,TRUE,1.39776561795229,1.40223438204771
2.8,82,FALSE,3.07310943909837,0.273109439098365
2.8,82,TRUE,2.24595759222367,0.554042407776327
2.8,83,FALSE,3.07743409035057,0.277434090350572
2.8,83,TRUE,2.18262608113763,0.617373918862375
2.8,84,FALSE,3.81713450857178,1.01713450857178
2.8,84,TRUE,2.27794034633741,0.522059653662593
2.8,85,FALSE,2.69952991013211,0.100470089867893
2.8,85,TRUE,1.40154921240024,1.39845078759976
2.8,86,FALSE,2.6381775738752,0.161822426124803
2.8,86,TRUE,1.08758280095231,1.71241719904768
2.8,87,FALSE,2.93089735241594,0.130897352415943
2.8,87,TRUE,2.69470988056855,0.105290119431454
2.8,88,FALSE,2.82432527558796,0.0243252755879615
2.8,88,TRUE,2.63151760707588,0.168482392924118
2.8,89,FALSE,2.62246751441508,0.177532485584916
2.8,89,TRUE,2.43377329304959,0.366226706950407
2.8,90,FALSE,2.88076845514412,0.0807684551441219
2.8,90,TRUE,2.6454748877062,0.154525112293797
2.8,91,FALSE,3.10389266282274,0.30389266282274
2.8,91,TRUE,2.66770385855842,0.132296141441576
2.8,92,FALSE,2.5262156475097,0.273784352490304
2.8,92,TRUE,1.84684106334628,0.953158936653723
2.8,93,FALSE,2.35647587193348,0.44352412806652
2.8,93,TRUE,1.81587345732976,0.984126542670237
2.8,94,FALSE,2.90779854009109,0.107798540091086
2.8,94,TRUE,2.56739507129704,0.232604928702963
2.8,95,FALSE,3.29545746631472,0.495457466314722
2.8,95,TRUE,2.37781204921837,0.422187950781632
2.8,96,FALSE,2.92289969564722,0.122899695647218
2.8,96,TRUE,2.6799587734208,0.120041226579196
2.8,97,FALSE,3.85152565479521,1.05152565479521
2.8,97,TRUE,4.09539867613789,1.29539867613789
2.8,98,FALSE,3.10733519886587,0.307335198865875
2.8,98,TRUE,2.83376175766907,0.0337617576690685
2.8,99,FALSE,3.08423690678779,0.284236906787785
2.8,99,TRUE,2.99245202502352,0.192452025023524
2.8,100,FALSE,2.89973428461548,0.0997342846154785
2.8,100,TRUE,2.22535390143369,0.574646098566313
2.8,101,FALSE,2.53265583194619,0.267344168053813
2.8,101,TRUE,2.09271416331367,0.707285836686329
2.8,102,FALSE,2.78523285566139,0.0147671443386148
2.8,102,TRUE,2.0785765447137,0.721423455286299
2.8,103,FALSE,3.0131143699538,0.213114369953795
2.8,103,TRUE,2.27040647491663,0.529593525083368
2.8,104,FALSE,3.20072641281397,0.400726412813966
2.8,104,TRUE,2.77180488594656,0.0281951140534353
2.8,105,FALSE,2.97274338222036,0.172743382220363
2.8,105,TRUE,2.16009013445598,0.639909865544025
2.8,106,FALSE,3.24520852875367,0.445208528753674
2.8,106,TRUE,2.76249939588154,0.0375006041184562
2.8,107,FALSE,2.34705674485406,0.45294325514594
2.8,107,TRUE,2.82496302469844,0.0249630246984358
2.8,108,FALSE,3.16080964171709,0.360809641717093
2.8,108,TRUE,2.22266598994866,0.577334010051344
2.8,109,FALSE,2.84900732532379,0.0490073253237937
2.8,109,TRUE,1.44375322171593,1.35624677828407
2.8,110,FALSE,3.15847131398527,0.358471313985275
2.8,110,TRUE,2.92913568779286,0.12913568779286
2.8,111,FALSE,3.24222663018569,0.44222663018569
2.8,111,TRUE,1.85936678053188,0.940633219468116
2.8,112,FALSE,3.3450236169548,0.545023616954798
2.8,112,TRUE,1.78480263483823,1.01519736516177
2.8,113,FALSE,2.86301103148381,0.0630110314838062
2.8,113,TRUE,3.413459421249,0.613459421248999
2.8,114,FALSE,2.24634589686156,0.553654103138438
2.8,114,TRUE,2.23825927046111,0.561740729538889
2.8,115,FALSE,2.54752682163515,0.252473178364852
2.8,115,TRUE,2.96544828049851,0.165448280498513
2.8,116,FALSE,2.95702179502849,0.157021795028494
2.8,116,TRUE,1.44046475413966,1.35953524586034
2.8,117,FALSE,2.99431324195222,0.194313241952216
2.8,117,TRUE,0.928018224046144,1.87198177595386
2.8,118,FALSE,3.32963292112521,0.529632921125208
2.8,118,TRUE,2.68115124688083,0.118848753119173
2.8,119,FALSE,2.88185739555142,0.0818573955514159
2.8,119,TRUE,2.69338021953064,0.10661978046936
2.8,120,FALSE,3.21514780129907,0.415147801299075
2.8,120,TRUE,1.7142445317576,1.0857554682424
2.8,121,FALSE,2.27640103014837,0.523598969851625
2.8,121,TRUE,2.50873014048607,0.291269859513931
2.8,122,FALSE,3.28219727368332,0.482197273683316
2.8,122,TRUE,1.42641664291991,1.37358335708009
2.8,123,FALSE,2.78224422034903,0.017755779650972
2.8,123,TRUE,1.97696317013556,0.823036829864437
2.8,124,FALSE,3.61320656601963,0.81320656601963
2.8,124,TRUE,1.9326452992487,0.867354700751305
2.8,125,FALSE,3.09678204743012,0.296782047430121
2.8,125,TRUE,2.67786338131602,0.122136618683977
2.8,126,FALSE,3.18865242645709,0.388652426457086
2.8,126,TRUE,1.898306697287,0.901693302713004
2.8,127,FALSE,3.11287780408021,0.312877804080213
2.8,127,TRUE,2.53100843072893,0.268991569271074
2.8,128,FALSE,2.97417748595039,0.17417748595039
2.8,128,TRUE,3.05406467744227,0.254064677442267
2.8,129,FALSE,2.70509466158533,0.0949053384146654
2.8,129,TRUE,1.38111509425432,1.41888490574568
2.8,130,FALSE,3.26842881676947,0.468428816769474
2.8,130,TRUE,0.929169740001708,1.87083025999829
2.8,131,FALSE,2.89025843456944,0.0902584345694435
2.8,131,TRUE,2.45126770946224,0.348732290537759
2.8,132,FALSE,3.32535477891027,0.525354778910272
2.8,132,TRUE,2.12521382029645,0.674786179703546
2.8,133,FALSE,3.98356039781402,1.18356039781402
2.8,133,TRUE,3.63926554085695,0.839265540856953
2.8,134,FALSE,3.74833321693982,0.948333216939816
2.8,134,TRUE,2.38756186428005,0.412438135719952
2.8,135,FALSE,2.67442918010321,0.125570819896793
2.8,135,TRUE,2.09001424345762,0.709985756542383
2.8,136,FALSE,2.53532063280857,0.26467936719143
2.8,136,TRUE,2.66531953637054,0.134680463629462
2.8,137,FALSE,3.74747332247432,0.947473322474315
2.8,137,TRUE,2.27446106147687,0.525538938523129
2.8,138,FALSE,2.85073209254798,0.0507320925479835
2.8,138,TRUE,2.96856517468675,0.168565174686746
2.8,139,FALSE,2.79305010176986,0.00694989823013792
2.8,139,TRUE,1.75485015683937,1.04514984316063
2.8,140,FALSE,3.63453540367048,0.834535403670478
2.8,140,TRUE,2.92690241127524,0.126902411275242
2.8,141,FALSE,3.66907008148985,0.869070081489848
2.8,141,TRUE,2.47534305935158,0.324656940648424
2.8,142,FALSE,2.96561119109178,0.165611191091782
2.8,142,TRUE,2.98972448164121,0.189724481641206
2.8,143,FALSE,3.46134721437051,0.661347214370509
2.8,143,TRUE,2.79313474059806,0.00686525940193938
2.8,144,FALSE,2.93800289584024,0.138002895840242
2.8,144,TRUE,1.67005140318333,1.12994859681667
2.8,145,FALSE,3.30465940116572,0.504659401165719
2.8,145,TRUE,3.73332143446808,0.933321434468076
2.8,146,FALSE,3.0744377869444,0.274437786944401
2.8,146,TRUE,2.18370291048176,0.616297089518235
2.8,147,FALSE,3.58802558808825,0.788025588088249
2.8,147,TRUE,2.39607514605977,0.40392485394023
2.8,148,FALSE,2.94487549201087,0.144875492010871
2.8,148,TRUE,2.45199932465701,0.34800067534299
2.8,149,FALSE,3.52749794947208,0.727497949472081
2.8,149,TRUE,3.03442584293674,0.234425842936738
2.8,150,FALSE,3.43290375693475,0.632903756934751
2.8,150,TRUE,2.23876570129723,0.561234298702773
2.8,151,FALSE,3.78690287283937,0.986902872839374
2.8,151,TRUE,2.62619800923848,0.173801990761522
2.8,152,FALSE,2.98827129125154,0.188271291251535
2.8,152,TRUE,3.3699340000074,0.569934000007396
2.8,153,FALSE,3.6182445560743,0.818244556074297
2.8,153,TRUE,1.18603830320046,1.61396169679954
2.8,154,FALSE,2.8490446879124,0.0490446879124029
2.8,154,TRUE,1.95316262167508,0.84683737832492
2.8,155,FALSE,3.50368971500409,0.703689715004088
2.8,155,TRUE,2.06173887446105,0.738261125538949
2.8,156,FALSE,3.75127264056435,0.951272640564355
2.8,156,TRUE,2.72418419853907,0.0758158014609327
2.8,157,FALSE,2.83930939591329,0.0393093959132926
2.8,157,TRUE,2.6667739038749,0.133226096125098
2.8,158,FALSE,3.09504204742655,0.295042047426551
2.8,158,TRUE,2.415647476263,0.384352523736998
2.8,159,FALSE,2.63845070083716,0.161549299162842
2.8,159,TRUE,2.41730428742498,0.382695712575015
2.8,160,FALSE,3.14067539077745,0.340675390777453
2.8,160,TRUE,2.04248660932143,0.757513390678571
2.8,161,FALSE,3.39923306965823,0.599233069658231
2.8,161,TRUE,1.84084800002436,0.959151999975644
2.8,162,FALSE,3.00071661986832,0.200716619868317
2.8,162,TRUE,2.32228862960192,0.477711370398077
2.8,163,FALSE,3.31124440428665,0.511244404286649
2.8,163,TRUE,2.2777601426662,0.522239857333799
2.8,164,FALSE,3.10403935750905,0.304039357509052
2.8,164,TRUE,1.67614681705876,1.12385318294124
2.8,165,FALSE,3.18002410438594,0.380024104385943
2.8,165,TRUE,2.51170067724835,0.288299322751654
2.8,166,FALSE,3.55451603490804,0.754516034908043
2.8,166,TRUE,3.0071241581217,0.207124158121698
2.8,167,FALSE,2.87248178821741,0.0724817882174116
2.8,167,TRUE,3.14890615034036,0.348906150340361
2.8,168,FALSE,3.04865648573045,0.248656485730453
2.8,168,TRUE,3.66146841531362,0.86146841531362
2.8,169,FALSE,2.46826009305621,0.331739906943787
2.8,169,TRUE,2.55210536101694,0.247894638983063
2.8,170,FALSE,3.4241745412076,0.624174541207599
2.8,170,TRUE,2.42602897095873,0.373971029041269
2.8,171,FALSE,2.75099617550199,0.0490038244980067
2.8,171,TRUE,1.34390128516767,1.45609871483233
2.8,172,FALSE,2.88619443379316,0.086194433793156
2.8,172,TRUE,1.51835824503334,1.28164175496666
2.8,173,FALSE,3.23870995249672,0.438709952496724
2.8,173,TRUE,3.07340345504689,0.27340345504689
2.8,174,FALSE,2.7447955257841,0.0552044742158966
2.8,174,TRUE,1.86349162733876,0.936508372661236
2.8,175,FALSE,2.67200605512672,0.127993944873276
2.8,175,TRUE,2.76529222287415,0.0347077771258495
2.8,176,FALSE,3.20444668816573,0.404446688165734
2.8,176,TRUE,3.370867830583,0.570867830582997
2.8,177,FALSE,4.33516140863626,1.53516140863626
2.8,177,TRUE,1.90644608316377,0.89355391683623
2.8,178,FALSE,3.52166830645047,0.721668306450472
2.8,178,TRUE,2.92654553542663,0.126545535426634
2.8,179,FALSE,3.74888287189541,0.948882871895409
2.8,179,TRUE,3.52825725144692,0.728257251446923
2.8,180,FALSE,2.65372009828553,0.146279901714467
2.8,180,TRUE,1.67257303683489,1.12742696316511
2.8,181,FALSE,2.6351706498233,0.164829350176697
2.8,181,TRUE,1.94728590551562,0.85271409448438
2.8,182,FALSE,3.12066299405397,0.320662994053972
2.8,182,TRUE,1.54417793717529,1.25582206282471
2.8,183,FALSE,2.6725000875033,0.127499912496697
2.8,183,TRUE,2.19729048573749,0.602709514262512
2.8,184,FALSE,3.01094128367067,0.210941283670666
2.8,184,TRUE,1.38621046485573,1.41378953514427
2.8,185,FALSE,3.00070415054359,0.200704150543594
2.8,185,TRUE,2.70779110527788,0.0922088947221202
2.8,186,FALSE,2.91754136953098,0.11754136953098
2.8,186,TRUE,2.71729918186911,0.0827008181308884
2.8,187,FALSE,2.93695454354089,0.136954543540888
2.8,187,TRUE,2.57378454988728,0.226215450112718
2.8,188,FALSE,2.86831946314826,0.068319463148264
2.8,188,TRUE,1.97447136218827,0.825528637811726
2.8,189,FALSE,2.76630299638885,0.0336970036111519
2.8,189,TRUE,0.520089973488085,2.27991002651191
2.8,190,FALSE,3.04550744918438,0.245507449184378
2.8,190,TRUE,2.35929246406468,0.440707535935319
2.8,191,FALSE,3.35210455556603,0.552104555566032
2.8,191,TRUE,2.10650176939596,0.693498230604037
2.8,192,FALSE,2.41324196970284,0.386758030297161
2.8,192,TRUE,1.86035333136613,0.939646668633867
2.8,193,FALSE,2.85856197512744,0.0585619751274367
2.8,193,TRUE,2.87417625103151,0.0741762510315138
2.8,194,FALSE,3.44968901450227,0.64968901450227
2.8,194,TRUE,1.42026783529486,1.37973216470514
2.8,195,FALSE,2.9256223295614,0.125622329561402
2.8,195,TRUE,1.94285080646254,0.857149193537459
2.8,196,FALSE,2.82545251907524,0.0254525190752357
2.8,196,TRUE,2.01293639541278,0.787063604587221
2.8,197,FALSE,4.20976000240606,1.40976000240606
2.8,197,TRUE,2.35506802511356,0.444931974886438
2.8,198,FALSE,3.22661278445141,0.42661278445141
2.8,198,TRUE,2.81207034096813,0.0120703409681351
2.8,199,FALSE,3.10709698724446,0.307096987244463
2.8,199,TRUE,2.15514200513556,0.644857994864437
2.8,200,FALSE,2.75781895990983,0.0421810400901705
2.8,200,TRUE,1.96193143622012,0.838068563779883
