"method","eta_setting","rep","param","truth","mean","sd","q025","q975","bias","abs_bias","covered"
"Naive Method (ADVI)",0.4,1,"beta1",1,1.335456434,0.190348098218067,0.959624,1.70307325,0.335456434,0.335456434,TRUE
"Naive Method (ADVI)",0.4,1,"beta2",2,2.27274652,0.250988528216303,1.77773675,2.766325,0.27274652,0.27274652,TRUE
"Naive Method (ADVI)",0.4,1,"beta3",3,3.31495401,0.286562253897786,2.7477355,3.86467375,0.31495401,0.31495401,TRUE
"Naive Method (ADVI)",0.4,1,"beta4",-4,-4.84537076,0.429481588382997,-5.6828545,-4.05183575,-0.84537076,0.84537076,FALSE
"Naive Method (ADVI)",0.4,1,"beta5",-5,-6.01017791,0.493677197808414,-6.978284,-5.075409,-1.01017791,1.01017791,FALSE
"Naive Method (ADVI)",0.4,1,"beta6",0,-0.103752910267,0.181517225501298,-0.4646248,0.248486275,-0.103752910267,0.103752910267,TRUE
"Naive Method (ADVI)",0.4,1,"beta7",0,-0.135740142159,0.173186700254999,-0.45861655,0.205507125,-0.135740142159,0.135740142159,TRUE
"Naive Method (ADVI)",0.4,1,"beta8",0,-0.21102378641,0.172461161767538,-0.55656475,0.131856075,-0.21102378641,0.21102378641,TRUE
"Naive Method (ADVI)",0.4,1,"beta9",0,-0.054015225599,0.185291912561977,-0.425000225,0.284721575,-0.054015225599,0.054015225599,TRUE
"Naive Method (ADVI)",0.4,1,"beta10",0,-0.3233005595431,0.156181186192693,-0.642779425,-0.03060005,-0.3233005595431,0.3233005595431,FALSE
"Naive Method (ADVI)",0.4,1,"beta11",0,0.006343471306,0.147222103852866,-0.26970875,0.280139775,0.006343471306,0.006343471306,TRUE
"Naive Method (ADVI)",0.4,1,"beta12",0,-0.0518209277072,0.16694084437426,-0.390833,0.268892175,-0.0518209277072,0.0518209277072,TRUE
"Naive Method (ADVI)",0.4,1,"beta13",0,0.216573118975,0.169338673609945,-0.104542425,0.554925375,0.216573118975,0.216573118975,TRUE
"Naive Method (ADVI)",0.4,1,"beta14",0,0.299568978272,0.159126137286911,-0.00843330799999998,0.59428405,0.299568978272,0.299568978272,TRUE
"Naive Method (ADVI)",0.4,1,"beta15",0,-0.2972579472818,0.159252007154581,-0.612758675,-0.00499822950000003,-0.2972579472818,0.2972579472818,FALSE
"Naive Method (ADVI)",0.4,1,"beta16",0,-0.155585897067,0.164224918423904,-0.48877505,0.14769795,-0.155585897067,0.155585897067,TRUE
"Naive Method (ADVI)",0.4,1,"beta17",0,-0.039251633204,0.166816410828416,-0.37319925,0.291725225,-0.039251633204,0.039251633204,TRUE
"Naive Method (ADVI)",0.4,1,"beta18",0,0.20414806168,0.151178492739145,-0.077264085,0.5007871,0.20414806168,0.20414806168,TRUE
"Naive Method (ADVI)",0.4,1,"beta19",0,-0.207261258752,0.167046526768912,-0.518204675,0.10295535,-0.207261258752,0.207261258752,TRUE
"Naive Method (ADVI)",0.4,1,"beta20",0,-0.210230652214,0.184216779469628,-0.556055425,0.165593925,-0.210230652214,0.210230652214,TRUE
"Proposed Method (ADVI)",0.4,1,"beta1",1,1.423079996,0.181383186177208,1.08901675,1.804712,0.423079996,0.423079996,FALSE
"Proposed Method (ADVI)",0.4,1,"beta2",2,2.33976138,0.236929970267813,1.86272575,2.8051995,0.33976138,0.33976138,TRUE
"Proposed Method (ADVI)",0.4,1,"beta3",3,3.33002032,0.30532823856952,2.7319705,3.960335,0.33002032,0.33002032,TRUE
"Proposed Method (ADVI)",0.4,1,"beta4",-4,-4.97941015,0.436018959534274,-5.850204,-4.108616,-0.97941015,0.97941015,FALSE
"Proposed Method (ADVI)",0.4,1,"beta5",-5,-6.12756636,0.53390844694092,-7.1356635,-5.09833025,-1.12756636,1.12756636,FALSE
"Proposed Method (ADVI)",0.4,1,"beta6",0,-0.07157231205,0.174766955539574,-0.419835575,0.266389825,-0.07157231205,0.07157231205,TRUE
"Proposed Method (ADVI)",0.4,1,"beta7",0,-0.107887426642,0.178259391061975,-0.475170525,0.239134825,-0.107887426642,0.107887426642,TRUE
"Proposed Method (ADVI)",0.4,1,"beta8",0,-0.210419575747,0.165301192081346,-0.53757875,0.1280539,-0.210419575747,0.210419575747,TRUE
"Proposed Method (ADVI)",0.4,1,"beta9",0,-0.0736624366431,0.170880975812825,-0.42079555,0.245089199999999,-0.0736624366431,0.0736624366431,TRUE
"Proposed Method (ADVI)",0.4,1,"beta10",0,-0.36709931782,0.148281336179953,-0.667163575,-0.0779141450000001,-0.36709931782,0.36709931782,FALSE
"Proposed Method (ADVI)",0.4,1,"beta11",0,0.0013745516001,0.15961058523026,-0.295247,0.3188733,0.0013745516001,0.0013745516001,TRUE
"Proposed Method (ADVI)",0.4,1,"beta12",0,-0.029499738799,0.162522315410313,-0.347718675,0.30524185,-0.029499738799,0.029499738799,TRUE
"Proposed Method (ADVI)",0.4,1,"beta13",0,0.209227342605,0.170429419920317,-0.110747825,0.553506575,0.209227342605,0.209227342605,TRUE
"Proposed Method (ADVI)",0.4,1,"beta14",0,0.288642292912,0.160155674237779,-0.0152448775,0.59709115,0.288642292912,0.288642292912,TRUE
"Proposed Method (ADVI)",0.4,1,"beta15",0,-0.297528793682,0.16214778695552,-0.6227609,0.0253397074999999,-0.297528793682,0.297528793682,TRUE
"Proposed Method (ADVI)",0.4,1,"beta16",0,-0.134840765631,0.139802496142727,-0.40569575,0.14836,-0.134840765631,0.134840765631,TRUE
"Proposed Method (ADVI)",0.4,1,"beta17",0,-0.079220172527,0.169651595801663,-0.405865175,0.2635741,-0.079220172527,0.079220172527,TRUE
"Proposed Method (ADVI)",0.4,1,"beta18",0,0.190979768536,0.185015631512789,-0.16677295,0.567715125,0.190979768536,0.190979768536,TRUE
"Proposed Method (ADVI)",0.4,1,"beta19",0,-0.18466365076,0.159249856324,-0.5078681,0.11222815,-0.18466365076,0.18466365076,TRUE
"Proposed Method (ADVI)",0.4,1,"beta20",0,-0.172339636298,0.160105654465155,-0.4831676,0.14190095,-0.172339636298,0.172339636298,TRUE
"Proposed Method (ADVI)",0.4,1,"eta",0.4,0.507298272,0.316077079719524,0.134078475,1.288602,0.107298272,0.107298272,TRUE
"Naive Method (ADVI)",0.4,2,"beta1",1,0.555301261895,0.407206162175727,-0.247688575,1.34130325,-0.444698738105,0.444698738105,TRUE
"Naive Method (ADVI)",0.4,2,"beta2",2,-0.25723722054,0.704394975735076,-1.60366625,1.10625025,-2.25723722054,2.25723722054,FALSE
"Naive Method (ADVI)",0.4,2,"beta3",3,0.7538555381,0.652644915923576,-0.562935925,2.03462775,-2.2461444619,2.2461444619,FALSE
"Naive Method (ADVI)",0.4,2,"beta4",-4,-1.8860143176,0.618133674942869,-3.09420475,-0.717668875,2.1139856824,2.1139856824,FALSE
"Naive Method (ADVI)",0.4,2,"beta5",-5,-2.1043849933,0.745076485959084,-3.61268525,-0.596455375,2.8956150067,2.8956150067,FALSE
"Naive Method (ADVI)",0.4,2,"beta6",0,-1.05653380302,0.61073781883412,-2.26931075,0.1321249,-1.05653380302,1.05653380302,TRUE
"Naive Method (ADVI)",0.4,2,"beta7",0,-0.1680895481087,0.383407861090109,-0.880345875,0.589180175,-0.1680895481087,0.1680895481087,TRUE
"Naive Method (ADVI)",0.4,2,"beta8",0,-0.021756212976,0.40998895365175,-0.821373775,0.795048375,-0.021756212976,0.021756212976,TRUE
"Naive Method (ADVI)",0.4,2,"beta9",0,0.609266611444,0.554640880910021,-0.4508685,1.65983625,0.609266611444,0.609266611444,TRUE
"Naive Method (ADVI)",0.4,2,"beta10",0,-0.273257210342,0.387657909443599,-1.08232725,0.47074775,-0.273257210342,0.273257210342,TRUE
"Naive Method (ADVI)",0.4,2,"beta11",0,-0.53779264903,0.631290927106469,-1.7653175,0.6643591,-0.53779264903,0.53779264903,TRUE
"Naive Method (ADVI)",0.4,2,"beta12",0,0.1279923638814,0.527306678012592,-0.950952325,1.11961325,0.1279923638814,0.1279923638814,TRUE
"Naive Method (ADVI)",0.4,2,"beta13",0,0.287365237443,0.404362128680664,-0.505777375,1.10371925,0.287365237443,0.287365237443,TRUE
"Naive Method (ADVI)",0.4,2,"beta14",0,1.1927001677,0.68245778511005,-0.112073575,2.529954,1.1927001677,1.1927001677,TRUE
"Naive Method (ADVI)",0.4,2,"beta15",0,0.85517401533,0.652570424466409,-0.4092314,2.158559,0.85517401533,0.85517401533,TRUE
"Naive Method (ADVI)",0.4,2,"beta16",0,0.308458202642,0.481109497689845,-0.617960575,1.21891475,0.308458202642,0.308458202642,TRUE
"Naive Method (ADVI)",0.4,2,"beta17",0,0.9993979099,0.61122880394542,-0.26290545,2.1610695,0.9993979099,0.9993979099,TRUE
"Naive Method (ADVI)",0.4,2,"beta18",0,0.133560649423,0.427109082303977,-0.688634675,0.95707525,0.133560649423,0.133560649423,TRUE
"Naive Method (ADVI)",0.4,2,"beta19",0,0.8160436537459,0.609230332628407,-0.304501275,2.0520425,0.8160436537459,0.8160436537459,TRUE
"Naive Method (ADVI)",0.4,2,"beta20",0,0.6711848000784,0.591024349859295,-0.509582325,1.87016525,0.6711848000784,0.6711848000784,TRUE
"Proposed Method (ADVI)",0.4,2,"beta1",1,1.028136002,0.186990524320195,0.683746025,1.4215735,0.0281360020000001,0.0281360020000001,TRUE
"Proposed Method (ADVI)",0.4,2,"beta2",2,2.26086,0.246965389241252,1.770247,2.75682025,0.26086,0.26086,TRUE
"Proposed Method (ADVI)",0.4,2,"beta3",3,3.39224865,0.326250206062822,2.75164425,4.039418,0.39224865,0.39224865,TRUE
"Proposed Method (ADVI)",0.4,2,"beta4",-4,-4.68694361,0.421478463468105,-5.51172125,-3.853797,-0.68694361,0.68694361,TRUE
"Proposed Method (ADVI)",0.4,2,"beta5",-5,-5.86927788,0.508363858659422,-6.83253275,-4.84453375,-0.86927788,0.86927788,TRUE
"Proposed Method (ADVI)",0.4,2,"beta6",0,-0.188384588712,0.159886563434652,-0.51559795,0.105533925,-0.188384588712,0.188384588712,TRUE
"Proposed Method (ADVI)",0.4,2,"beta7",0,-0.018195087091,0.185151817337513,-0.378248375,0.336331825,-0.018195087091,0.018195087091,TRUE
"Proposed Method (ADVI)",0.4,2,"beta8",0,-0.0724249996242,0.184064589364758,-0.421797275,0.27302145,-0.0724249996242,0.0724249996242,TRUE
"Proposed Method (ADVI)",0.4,2,"beta9",0,-0.071206886496,0.187019057291847,-0.44650415,0.301653025,-0.071206886496,0.071206886496,TRUE
"Proposed Method (ADVI)",0.4,2,"beta10",0,0.0390226582146,0.141648767775301,-0.239229675,0.3125821,0.0390226582146,0.0390226582146,TRUE
"Proposed Method (ADVI)",0.4,2,"beta11",0,0.1785862554756,0.178620864585559,-0.1660751,0.51903975,0.1785862554756,0.1785862554756,TRUE
"Proposed Method (ADVI)",0.4,2,"beta12",0,-0.204668545527,0.163840547972579,-0.541661825,0.128378275,-0.204668545527,0.204668545527,TRUE
"Proposed Method (ADVI)",0.4,2,"beta13",0,0.200961868881,0.181776751335058,-0.149692575,0.568674625,0.200961868881,0.200961868881,TRUE
"Proposed Method (ADVI)",0.4,2,"beta14",0,0.046916498114,0.172172615958641,-0.29976745,0.364563725,0.046916498114,0.046916498114,TRUE
"Proposed Method (ADVI)",0.4,2,"beta15",0,0.140463280426,0.171290097339419,-0.1857411,0.50056805,0.140463280426,0.140463280426,TRUE
"Proposed Method (ADVI)",0.4,2,"beta16",0,0.03273767311,0.152735288991445,-0.246884375,0.34028035,0.03273767311,0.03273767311,TRUE
"Proposed Method (ADVI)",0.4,2,"beta17",0,0.077559285523,0.177725598674225,-0.246896775,0.44143175,0.077559285523,0.077559285523,TRUE
"Proposed Method (ADVI)",0.4,2,"beta18",0,0.050725837208,0.178198862603817,-0.290430775,0.392964,0.050725837208,0.050725837208,TRUE
"Proposed Method (ADVI)",0.4,2,"beta19",0,-0.0785279233659,0.156046140990223,-0.3838556,0.22127845,-0.0785279233659,0.0785279233659,TRUE
"Proposed Method (ADVI)",0.4,2,"beta20",0,-0.3270874045611,0.172298094794709,-0.662664375,0.00705825249999992,-0.3270874045611,0.3270874045611,TRUE
"Proposed Method (ADVI)",0.4,2,"eta",0.4,1.106716999,0.355228788430923,0.558295,1.87304875,0.706716999,0.706716999,FALSE
"Naive Method (ADVI)",0.4,3,"beta1",1,1.042497348,0.191105994168215,0.664991925,1.41191375,0.0424973479999999,0.0424973479999999,TRUE
"Naive Method (ADVI)",0.4,3,"beta2",2,2.15410111,0.24975119867682,1.65697375,2.649743,0.15410111,0.15410111,TRUE
"Naive Method (ADVI)",0.4,3,"beta3",3,3.42903247,0.316928853511616,2.7966705,4.04224425,0.42903247,0.42903247,TRUE
"Naive Method (ADVI)",0.4,3,"beta4",-4,-4.38457316,0.382846364783371,-5.1304685,-3.665092,-0.38457316,0.38457316,TRUE
"Naive Method (ADVI)",0.4,3,"beta5",-5,-5.44524067,0.444669358396492,-6.301916,-4.59714575,-0.44524067,0.44524067,TRUE
"Naive Method (ADVI)",0.4,3,"beta6",0,-0.2130428724767,0.17456864578039,-0.58181475,0.138161175,-0.2130428724767,0.2130428724767,TRUE
"Naive Method (ADVI)",0.4,3,"beta7",0,0.005299496477,0.178487650088774,-0.335012975,0.359519875,0.005299496477,0.005299496477,TRUE
"Naive Method (ADVI)",0.4,3,"beta8",0,-0.253120165333,0.170534278107288,-0.5932063,0.0914210849999999,-0.253120165333,0.253120165333,TRUE
"Naive Method (ADVI)",0.4,3,"beta9",0,-0.1796563092,0.184987436758232,-0.53913595,0.17092055,-0.1796563092,0.1796563092,TRUE
"Naive Method (ADVI)",0.4,3,"beta10",0,0.25400855742,0.156721101919829,-0.0675366725,0.560562375,0.25400855742,0.25400855742,TRUE
"Naive Method (ADVI)",0.4,3,"beta11",0,0.20303089868,0.162648970951022,-0.1102756,0.5117211,0.20303089868,0.20303089868,TRUE
"Naive Method (ADVI)",0.4,3,"beta12",0,-0.227872817903,0.158075318891116,-0.554168825,0.069221515,-0.227872817903,0.227872817903,TRUE
"Naive Method (ADVI)",0.4,3,"beta13",0,0.057430547478,0.137323506556689,-0.207074775,0.33601595,0.057430547478,0.057430547478,TRUE
"Naive Method (ADVI)",0.4,3,"beta14",0,-0.121983018284,0.16265366230102,-0.427194525,0.19200535,-0.121983018284,0.121983018284,TRUE
"Naive Method (ADVI)",0.4,3,"beta15",0,-0.038938118252,0.174210542613089,-0.372645575,0.287128125,-0.038938118252,0.038938118252,TRUE
"Naive Method (ADVI)",0.4,3,"beta16",0,-0.1017055361113,0.193647543122662,-0.4958746,0.275382425,-0.1017055361113,0.1017055361113,TRUE
"Naive Method (ADVI)",0.4,3,"beta17",0,-0.153777271845,0.188793109620112,-0.528594675,0.203878125,-0.153777271845,0.153777271845,TRUE
"Naive Method (ADVI)",0.4,3,"beta18",0,0.094512771298,0.163463433099781,-0.21945505,0.400121975,0.094512771298,0.094512771298,TRUE
"Naive Method (ADVI)",0.4,3,"beta19",0,0.36608905349,0.183268723563143,0.0172457675,0.732658725,0.36608905349,0.36608905349,FALSE
"Naive Method (ADVI)",0.4,3,"beta20",0,0.021056161418,0.173832534995773,-0.32528415,0.371893825,0.021056161418,0.021056161418,TRUE
"Proposed Method (ADVI)",0.4,3,"beta1",1,1.088780878,0.1795514036416,0.7580923,1.46656125,0.0887808779999999,0.0887808779999999,TRUE
"Proposed Method (ADVI)",0.4,3,"beta2",2,2.21804176,0.243662068198522,1.7339295,2.70685075,0.21804176,0.21804176,TRUE
"Proposed Method (ADVI)",0.4,3,"beta3",3,3.4702849,0.329856437894139,2.83311925,4.1497945,0.4702849,0.4702849,TRUE
"Proposed Method (ADVI)",0.4,3,"beta4",-4,-4.46643656,0.403220284729307,-5.2764605,-3.660681,-0.46643656,0.46643656,TRUE
"Proposed Method (ADVI)",0.4,3,"beta5",-5,-5.56253098,0.479317797467827,-6.4545865,-4.61416225,-0.56253098,0.56253098,TRUE
"Proposed Method (ADVI)",0.4,3,"beta6",0,-0.198749030383,0.176713099599146,-0.557315225,0.126719575,-0.198749030383,0.198749030383,TRUE
"Proposed Method (ADVI)",0.4,3,"beta7",0,0.009889902936,0.192153682063389,-0.36785055,0.368926425,0.009889902936,0.009889902936,TRUE
"Proposed Method (ADVI)",0.4,3,"beta8",0,-0.242129488193,0.165866478917965,-0.56130675,0.0868573449999998,-0.242129488193,0.242129488193,TRUE
"Proposed Method (ADVI)",0.4,3,"beta9",0,-0.230405344201,0.184581179484447,-0.6044189,0.13840745,-0.230405344201,0.230405344201,TRUE
"Proposed Method (ADVI)",0.4,3,"beta10",0,0.2415598552,0.145401585974057,-0.04516378,0.536475425,0.2415598552,0.2415598552,TRUE
"Proposed Method (ADVI)",0.4,3,"beta11",0,0.1990787196779,0.176692804318726,-0.1497074,0.544754875,0.1990787196779,0.1990787196779,TRUE
"Proposed Method (ADVI)",0.4,3,"beta12",0,-0.244646479287,0.166063851708697,-0.5713091,0.0783210374999999,-0.244646479287,0.244646479287,TRUE
"Proposed Method (ADVI)",0.4,3,"beta13",0,0.073899901847,0.163750373210717,-0.232334625,0.400453325,0.073899901847,0.073899901847,TRUE
"Proposed Method (ADVI)",0.4,3,"beta14",0,-0.1105437413548,0.169563845947414,-0.43111505,0.208741375,-0.1105437413548,0.1105437413548,TRUE
"Proposed Method (ADVI)",0.4,3,"beta15",0,-0.022114619685,0.155560689970173,-0.3281188,0.2850142,-0.022114619685,0.022114619685,TRUE
"Proposed Method (ADVI)",0.4,3,"beta16",0,-0.1142265093788,0.156248454130409,-0.405181775,0.201455675,-0.1142265093788,0.1142265093788,TRUE
"Proposed Method (ADVI)",0.4,3,"beta17",0,-0.182280443162,0.186407907394219,-0.527429825,0.192701525,-0.182280443162,0.182280443162,TRUE
"Proposed Method (ADVI)",0.4,3,"beta18",0,0.08571300391,0.192816189564478,-0.293894375,0.4466284,0.08571300391,0.08571300391,TRUE
"Proposed Method (ADVI)",0.4,3,"beta19",0,0.35782729487,0.158541271429259,0.0451654425,0.65970445,0.35782729487,0.35782729487,FALSE
"Proposed Method (ADVI)",0.4,3,"beta20",0,0.037647580489,0.167295412488037,-0.2908732,0.380543725,0.037647580489,0.037647580489,TRUE
"Proposed Method (ADVI)",0.4,3,"eta",0.4,0.4589458355,0.32112996758296,0.10025742,1.2695495,0.0589458355,0.0589458355,TRUE
"Naive Method (ADVI)",1.6,1,"beta1",1,0.72994704715,0.41927326424172,-0.09683866,1.539236,-0.27005295285,0.27005295285,TRUE
"Naive Method (ADVI)",1.6,1,"beta2",2,-0.23176506748,0.738752022315107,-1.64082225,1.19801825,-2.23176506748,2.23176506748,FALSE
"Naive Method (ADVI)",1.6,1,"beta3",3,0.739138555483,0.629728265106121,-0.529102475,1.9787155,-2.260861444517,2.260861444517,FALSE
"Naive Method (ADVI)",1.6,1,"beta4",-4,-1.9643201843,0.635076149199773,-3.19792,-0.7658152,2.0356798157,2.0356798157,FALSE
"Naive Method (ADVI)",1.6,1,"beta5",-5,-2.0836364734,0.728869972628497,-3.54463375,-0.603720875,2.9163635266,2.9163635266,FALSE
"Naive Method (ADVI)",1.6,1,"beta6",0,-1.05666114091,0.613141937983843,-2.29143925,0.1367122,-1.05666114091,1.05666114091,TRUE
"Naive Method (ADVI)",1.6,1,"beta7",0,-0.1377178976826,0.413806958691486,-0.9317088,0.674068425,-0.1377178976826,0.1377178976826,TRUE
"Naive Method (ADVI)",1.6,1,"beta8",0,0.0358588192468,0.401275199735988,-0.794347525,0.8165016,0.0358588192468,0.0358588192468,TRUE
"Naive Method (ADVI)",1.6,1,"beta9",0,0.656193000452,0.534496145330818,-0.366045775,1.67497525,0.656193000452,0.656193000452,TRUE
"Naive Method (ADVI)",1.6,1,"beta10",0,0.06871899234459,0.446542522972371,-0.85525605,0.937604925,0.06871899234459,0.06871899234459,TRUE
"Naive Method (ADVI)",1.6,1,"beta11",0,-0.7054126405,0.583811777484931,-1.85410025,0.3998067,-0.7054126405,0.7054126405,TRUE
"Naive Method (ADVI)",1.6,1,"beta12",0,0.26172201922,0.532625187313301,-0.829309625,1.26402675,0.26172201922,0.26172201922,TRUE
"Naive Method (ADVI)",1.6,1,"beta13",0,0.416023928836,0.411349938989684,-0.40825905,1.2057275,0.416023928836,0.416023928836,TRUE
"Naive Method (ADVI)",1.6,1,"beta14",0,1.15717380238,0.700690889860439,-0.199186325,2.54695425,1.15717380238,1.15717380238,TRUE
"Naive Method (ADVI)",1.6,1,"beta15",0,0.9706034252,0.578945887621874,-0.13457,2.1164355,0.9706034252,0.9706034252,TRUE
"Naive Method (ADVI)",1.6,1,"beta16",0,0.49347001741,0.432919939482046,-0.35677465,1.31541575,0.49347001741,0.49347001741,TRUE
"Naive Method (ADVI)",1.6,1,"beta17",0,0.9942381214,0.627110117874135,-0.306615525,2.18601575,0.9942381214,0.9942381214,TRUE
"Naive Method (ADVI)",1.6,1,"beta18",0,-0.10475141415884,0.392972883256336,-0.878298925,0.682168275,-0.10475141415884,0.10475141415884,TRUE
"Naive Method (ADVI)",1.6,1,"beta19",0,0.85837394059,0.591779212508059,-0.205106325,2.03702125,0.85837394059,0.85837394059,TRUE
"Naive Method (ADVI)",1.6,1,"beta20",0,0.78349166755,0.518683360932349,-0.211949875,1.85199675,0.78349166755,0.78349166755,TRUE
"Proposed Method (ADVI)",1.6,1,"beta1",1,1.343956336,0.197289400964791,0.980598325,1.75905725,0.343956336,0.343956336,TRUE
"Proposed Method (ADVI)",1.6,1,"beta2",2,2.41458291,0.256753983472235,1.89870825,2.915178,0.41458291,0.41458291,TRUE
"Proposed Method (ADVI)",1.6,1,"beta3",3,3.15013986,0.319856408206951,2.53334125,3.81941325,0.15013986,0.15013986,TRUE
"Proposed Method (ADVI)",1.6,1,"beta4",-4,-4.39598171,0.409198772881473,-5.242099,-3.5927825,-0.39598171,0.39598171,TRUE
"Proposed Method (ADVI)",1.6,1,"beta5",-5,-5.30257644,0.488099589442093,-6.23068825,-4.3702775,-0.30257644,0.30257644,TRUE
"Proposed Method (ADVI)",1.6,1,"beta6",0,0.068811512197,0.167240826592223,-0.269966,0.37852325,0.068811512197,0.068811512197,TRUE
"Proposed Method (ADVI)",1.6,1,"beta7",0,0.0217764498239,0.176621715177824,-0.338441575,0.36180615,0.0217764498239,0.0217764498239,TRUE
"Proposed Method (ADVI)",1.6,1,"beta8",0,-0.222257036749,0.161445019691992,-0.522214075,0.10158575,-0.222257036749,0.222257036749,TRUE
"Proposed Method (ADVI)",1.6,1,"beta9",0,0.115591854651,0.173768017365045,-0.240173025,0.441542475,0.115591854651,0.115591854651,TRUE
"Proposed Method (ADVI)",1.6,1,"beta10",0,0.0207661875547,0.158767035741525,-0.28715015,0.329493425,0.0207661875547,0.0207661875547,TRUE
"Proposed Method (ADVI)",1.6,1,"beta11",0,-0.218315860151,0.174252236402915,-0.55169365,0.12474485,-0.218315860151,0.218315860151,TRUE
"Proposed Method (ADVI)",1.6,1,"beta12",0,0.088633654626,0.164661751353286,-0.230900425,0.42789895,0.088633654626,0.088633654626,TRUE
"Proposed Method (ADVI)",1.6,1,"beta13",0,0.1447946917327,0.174130926476645,-0.1797792,0.497957425,0.1447946917327,0.1447946917327,TRUE
"Proposed Method (ADVI)",1.6,1,"beta14",0,-0.129964461074,0.164717799001337,-0.4500063,0.17709665,-0.129964461074,0.129964461074,TRUE
"Proposed Method (ADVI)",1.6,1,"beta15",0,0.310607906346,0.172354272653126,-0.0130338025,0.654042025,0.310607906346,0.310607906346,TRUE
"Proposed Method (ADVI)",1.6,1,"beta16",0,0.082772545151,0.188835472512294,-0.276579675,0.46492385,0.082772545151,0.082772545151,TRUE
"Proposed Method (ADVI)",1.6,1,"beta17",0,0.074363673672,0.185047070980791,-0.273699825,0.4602788,0.074363673672,0.074363673672,TRUE
"Proposed Method (ADVI)",1.6,1,"beta18",0,0.070010752395,0.189656459532713,-0.2826395,0.434344675,0.070010752395,0.070010752395,TRUE
"Proposed Method (ADVI)",1.6,1,"beta19",0,0.078135249338,0.155423096327182,-0.2407698,0.369752075,0.078135249338,0.078135249338,TRUE
"Proposed Method (ADVI)",1.6,1,"beta20",0,0.003560753685,0.165867968648487,-0.31047255,0.318575225,0.003560753685,0.003560753685,TRUE
"Proposed Method (ADVI)",1.6,1,"eta",1.6,1.881708253,0.328316260065255,1.3040785,2.587532,0.281708253,0.281708253,TRUE
"Naive Method (ADVI)",1.6,2,"beta1",1,0.949411332,0.185728535734873,0.583371275,1.30815125,-0.0505886680000001,0.0505886680000001,TRUE
"Naive Method (ADVI)",1.6,2,"beta2",2,2.23312607,0.256818947508658,1.730919,2.74167675,0.23312607,0.23312607,TRUE
"Naive Method (ADVI)",1.6,2,"beta3",3,3.37802722,0.299241744287116,2.79193875,3.92599875,0.37802722,0.37802722,TRUE
"Naive Method (ADVI)",1.6,2,"beta4",-4,-4.3006565,0.390004049664493,-5.041034,-3.55216375,-0.3006565,0.3006565,TRUE
"Naive Method (ADVI)",1.6,2,"beta5",-5,-5.34154182,0.433085815388334,-6.1587815,-4.4944135,-0.34154182,0.34154182,TRUE
"Naive Method (ADVI)",1.6,2,"beta6",0,0.137786260192,0.169561447158377,-0.2038147,0.469783625,0.137786260192,0.137786260192,TRUE
"Naive Method (ADVI)",1.6,2,"beta7",0,0.093129227422,0.181509471117004,-0.24557805,0.442662225,0.093129227422,0.093129227422,TRUE
"Naive Method (ADVI)",1.6,2,"beta8",0,0.031459925886,0.172101144862706,-0.307824225,0.37172675,0.031459925886,0.031459925886,TRUE
"Naive Method (ADVI)",1.6,2,"beta9",0,0.046297932551,0.170650176726599,-0.30588505,0.359521925,0.046297932551,0.046297932551,TRUE
"Naive Method (ADVI)",1.6,2,"beta10",0,0.273386234196,0.158790498692628,-0.06023762,0.57730025,0.273386234196,0.273386234196,TRUE
"Naive Method (ADVI)",1.6,2,"beta11",0,-0.114762528128,0.16540769705405,-0.441026025,0.204220525,-0.114762528128,0.114762528128,TRUE
"Naive Method (ADVI)",1.6,2,"beta12",0,-0.029897748893,0.173871491756491,-0.39194465,0.2980651,-0.029897748893,0.029897748893,TRUE
"Naive Method (ADVI)",1.6,2,"beta13",0,-0.2179803258414,0.171377034699299,-0.544494125,0.12278645,-0.2179803258414,0.2179803258414,TRUE
"Naive Method (ADVI)",1.6,2,"beta14",0,-0.187038637932,0.170080445941962,-0.52851585,0.141719925,-0.187038637932,0.187038637932,TRUE
"Naive Method (ADVI)",1.6,2,"beta15",0,-0.043737991906,0.169238326452376,-0.375115875,0.292017025,-0.043737991906,0.043737991906,TRUE
"Naive Method (ADVI)",1.6,2,"beta16",0,0.013052053282,0.180788068399647,-0.34761675,0.361444925,0.013052053282,0.013052053282,TRUE
"Naive Method (ADVI)",1.6,2,"beta17",0,0.159577368623,0.166573867529738,-0.175348625,0.4619149,0.159577368623,0.159577368623,TRUE
"Naive Method (ADVI)",1.6,2,"beta18",0,0.0327452102479,0.145507109210285,-0.243025,0.318163225,0.0327452102479,0.0327452102479,TRUE
"Naive Method (ADVI)",1.6,2,"beta19",0,0.218004516354,0.178909504271751,-0.1261984,0.55233625,0.218004516354,0.218004516354,TRUE
"Naive Method (ADVI)",1.6,2,"beta20",0,-0.1990173212874,0.18889587534822,-0.572226875,0.185845575,-0.1990173212874,0.1990173212874,TRUE
"Proposed Method (ADVI)",1.6,2,"beta1",1,1.148218865,0.190795422942073,0.7968218,1.549655,0.148218865,0.148218865,TRUE
"Proposed Method (ADVI)",1.6,2,"beta2",2,2.42323751,0.256667026150639,1.92214825,2.93684275,0.42323751,0.42323751,TRUE
"Proposed Method (ADVI)",1.6,2,"beta3",3,3.84017909,0.353616624561173,3.14220775,4.53645975,0.84017909,0.84017909,FALSE
"Proposed Method (ADVI)",1.6,2,"beta4",-4,-5.11070144,0.461209417698186,-6.0288675,-4.18084575,-1.11070144,1.11070144,FALSE
"Proposed Method (ADVI)",1.6,2,"beta5",-5,-6.24268251,0.541722502978077,-7.28143325,-5.16613675,-1.24268251,1.24268251,FALSE
"Proposed Method (ADVI)",1.6,2,"beta6",0,0.028400165346,0.174867004697517,-0.332109725,0.357367,0.028400165346,0.028400165346,TRUE
"Proposed Method (ADVI)",1.6,2,"beta7",0,0.086309262849,0.202122195217864,-0.30603775,0.46894035,0.086309262849,0.086309262849,TRUE
"Proposed Method (ADVI)",1.6,2,"beta8",0,0.094330510847,0.183124905439139,-0.2551346,0.458514025,0.094330510847,0.094330510847,TRUE
"Proposed Method (ADVI)",1.6,2,"beta9",0,-0.012406256657,0.185636794227166,-0.392917075,0.35138275,-0.012406256657,0.012406256657,TRUE
"Proposed Method (ADVI)",1.6,2,"beta10",0,0.194263804258,0.163678474177908,-0.138215125,0.524464725,0.194263804258,0.194263804258,TRUE
"Proposed Method (ADVI)",1.6,2,"beta11",0,-0.232343733809,0.178400663580377,-0.561199175,0.10985215,-0.232343733809,0.232343733809,TRUE
"Proposed Method (ADVI)",1.6,2,"beta12",0,-0.152044578578,0.190442941330743,-0.541314675,0.220593575,-0.152044578578,0.152044578578,TRUE
"Proposed Method (ADVI)",1.6,2,"beta13",0,-0.246147010178,0.186124975752881,-0.5782827,0.12749915,-0.246147010178,0.246147010178,TRUE
"Proposed Method (ADVI)",1.6,2,"beta14",0,-0.1457712455433,0.183839053538973,-0.5174593,0.2040623,-0.1457712455433,0.1457712455433,TRUE
"Proposed Method (ADVI)",1.6,2,"beta15",0,0.01550284645,0.173729628908531,-0.3306638,0.365933025,0.01550284645,0.01550284645,TRUE
"Proposed Method (ADVI)",1.6,2,"beta16",0,0.0715327136755,0.167288557558835,-0.2581412,0.400841875,0.0715327136755,0.0715327136755,TRUE
"Proposed Method (ADVI)",1.6,2,"beta17",0,0.237656855897,0.187486245498036,-0.10054655,0.618382625,0.237656855897,0.237656855897,TRUE
"Proposed Method (ADVI)",1.6,2,"beta18",0,0.08737845911,0.188381736200669,-0.28575435,0.463564475,0.08737845911,0.08737845911,TRUE
"Proposed Method (ADVI)",1.6,2,"beta19",0,0.2179633084629,0.177265055314821,-0.1442307,0.55631555,0.2179633084629,0.2179633084629,TRUE
"Proposed Method (ADVI)",1.6,2,"beta20",0,-0.276608096348,0.200585249905095,-0.659870225,0.116415075,-0.276608096348,0.276608096348,TRUE
"Proposed Method (ADVI)",1.6,2,"eta",1.6,2.14389956,0.343509258264927,1.5409155,2.8638035,0.54389956,0.54389956,TRUE
"Naive Method (ADVI)",1.6,3,"beta1",1,0.481244510864,0.407402258191021,-0.322131575,1.26762325,-0.518755489136,0.518755489136,TRUE
"Naive Method (ADVI)",1.6,3,"beta2",2,-0.248811908425,0.715970561271999,-1.61033825,1.13650575,-2.248811908425,2.248811908425,FALSE
"Naive Method (ADVI)",1.6,3,"beta3",3,0.7675275110496,0.669016459536999,-0.581547175,2.0806905,-2.2324724889504,2.2324724889504,FALSE
"Naive Method (ADVI)",1.6,3,"beta4",-4,-1.9647621205,0.628904351936345,-3.1844565,-0.776217975,2.0352378795,2.0352378795,FALSE
"Naive Method (ADVI)",1.6,3,"beta5",-5,-2.0916762275,0.735333121793012,-3.56639125,-0.624018125,2.9083237725,2.9083237725,FALSE
"Naive Method (ADVI)",1.6,3,"beta6",0,-1.023035796873,0.65479962074029,-2.33275925,0.255694425,-1.023035796873,1.023035796873,TRUE
"Naive Method (ADVI)",1.6,3,"beta7",0,-0.224150178009,0.415761504865624,-1.016548,0.60933335,-0.224150178009,0.224150178009,TRUE
"Naive Method (ADVI)",1.6,3,"beta8",0,0.253729104192,0.402267521152571,-0.575499925,1.0333655,0.253729104192,0.253729104192,TRUE
"Naive Method (ADVI)",1.6,3,"beta9",0,0.5202952146959,0.599973409071746,-0.6092353,1.6964265,0.5202952146959,0.5202952146959,TRUE
"Naive Method (ADVI)",1.6,3,"beta10",0,-0.12438183616,0.418023027838072,-1.0170235,0.683662825,-0.12438183616,0.12438183616,TRUE
"Naive Method (ADVI)",1.6,3,"beta11",0,-0.628275708268,0.603701634259918,-1.7946995,0.509017475,-0.628275708268,0.628275708268,TRUE
"Naive Method (ADVI)",1.6,3,"beta12",0,0.2203481971654,0.482606121269884,-0.782898525,1.1185975,0.2203481971654,0.2203481971654,TRUE
"Naive Method (ADVI)",1.6,3,"beta13",0,0.082460726893,0.412918835270184,-0.7314536,0.87511165,0.082460726893,0.082460726893,TRUE
"Naive Method (ADVI)",1.6,3,"beta14",0,1.16289489645,0.695739593900023,-0.188340925,2.52427525,1.16289489645,1.16289489645,TRUE
"Naive Method (ADVI)",1.6,3,"beta15",0,0.85557693547,0.643296266742624,-0.3763187,2.12991275,0.85557693547,0.85557693547,TRUE
"Naive Method (ADVI)",1.6,3,"beta16",0,0.314304311659,0.468879560643602,-0.6043029,1.212706,0.314304311659,0.314304311659,TRUE
"Naive Method (ADVI)",1.6,3,"beta17",0,0.98911987262,0.637713956718227,-0.29545905,2.1969665,0.98911987262,0.98911987262,TRUE
"Naive Method (ADVI)",1.6,3,"beta18",0,0.003713919231,0.398380926303366,-0.761224075,0.754366,0.003713919231,0.003713919231,TRUE
"Naive Method (ADVI)",1.6,3,"beta19",0,0.770153722559,0.65476630350628,-0.4108342,2.100992,0.770153722559,0.770153722559,TRUE
"Naive Method (ADVI)",1.6,3,"beta20",0,0.7209104248,0.548635812726535,-0.39188725,1.82117425,0.7209104248,0.7209104248,TRUE
"Proposed Method (ADVI)",1.6,3,"beta1",1,0.875875083,0.187675569960312,0.53022345,1.27075375,-0.124124917,0.124124917,TRUE
"Proposed Method (ADVI)",1.6,3,"beta2",2,2.15786531,0.246946818553505,1.6727545,2.6517325,0.15786531,0.15786531,TRUE
"Proposed Method (ADVI)",1.6,3,"beta3",3,3.51958157,0.351236589980566,2.82335025,4.2169845,0.51958157,0.51958157,TRUE
"Proposed Method (ADVI)",1.6,3,"beta4",-4,-4.63198255,0.422886070420573,-5.4627705,-3.778232,-0.63198255,0.63198255,TRUE
"Proposed Method (ADVI)",1.6,3,"beta5",-5,-5.85490531,0.527761050687265,-6.876001,-4.8366765,-0.85490531,0.85490531,TRUE
"Proposed Method (ADVI)",1.6,3,"beta6",0,-0.0136133314885,0.164602946896433,-0.343368025,0.293117425,-0.0136133314885,0.0136133314885,TRUE
"Proposed Method (ADVI)",1.6,3,"beta7",0,-0.133684580105,0.200764967782619,-0.522590625,0.271276375,-0.133684580105,0.133684580105,TRUE
"Proposed Method (ADVI)",1.6,3,"beta8",0,0.1429141402567,0.17312575021528,-0.1770194,0.48909305,0.1429141402567,0.1429141402567,TRUE
"Proposed Method (ADVI)",1.6,3,"beta9",0,-0.21619631283,0.180975853054848,-0.591942275,0.1274144,-0.21619631283,0.21619631283,TRUE
"Proposed Method (ADVI)",1.6,3,"beta10",0,-0.1318110361,0.168568751937133,-0.462141475,0.20863205,-0.1318110361,0.1318110361,TRUE
"Proposed Method (ADVI)",1.6,3,"beta11",0,0.058217945478,0.17892330319442,-0.2795861,0.401435,0.058217945478,0.058217945478,TRUE
"Proposed Method (ADVI)",1.6,3,"beta12",0,0.0231186689813,0.185319969019857,-0.340615225,0.3779686,0.0231186689813,0.0231186689813,TRUE
"Proposed Method (ADVI)",1.6,3,"beta13",0,0.15497846271,0.164630888153571,-0.14689805,0.471818475,0.15497846271,0.15497846271,TRUE
"Proposed Method (ADVI)",1.6,3,"beta14",0,0.016310029536,0.17210862614543,-0.323447925,0.341390025,0.016310029536,0.016310029536,TRUE
"Proposed Method (ADVI)",1.6,3,"beta15",0,-0.00758367922800001,0.15010460427071,-0.301855725,0.2817194,-0.00758367922800001,0.00758367922800001,TRUE
"Proposed Method (ADVI)",1.6,3,"beta16",0,0.211090327394,0.155777951280601,-0.083654045,0.5129964,0.211090327394,0.211090327394,TRUE
"Proposed Method (ADVI)",1.6,3,"beta17",0,-0.093024203771,0.183555718356448,-0.446504125,0.2861532,-0.093024203771,0.093024203771,TRUE
"Proposed Method (ADVI)",1.6,3,"beta18",0,-0.017297328312,0.189433115107942,-0.39044015,0.35553615,-0.017297328312,0.017297328312,TRUE
"Proposed Method (ADVI)",1.6,3,"beta19",0,-0.207105672753,0.174449111173546,-0.5580763,0.11947905,-0.207105672753,0.207105672753,TRUE
"Proposed Method (ADVI)",1.6,3,"beta20",0,-0.0221812431057,0.174248506765183,-0.37216585,0.315739975,-0.0221812431057,0.0221812431057,TRUE
"Proposed Method (ADVI)",1.6,3,"eta",1.6,2.11030978,0.348285453717813,1.49777325,2.8543045,0.51030978,0.51030978,TRUE
"Naive Method (ADVI)",2.8,1,"beta1",1,1.0020515351,0.442553908937953,0.1293574,1.85628125,0.00205153509999989,0.00205153509999989,TRUE
"Naive Method (ADVI)",2.8,1,"beta2",2,-0.251330508887,0.707781789677908,-1.59513875,1.117895,-2.251330508887,2.251330508887,FALSE
"Naive Method (ADVI)",2.8,1,"beta3",3,0.76432530008,0.661936064850367,-0.56102945,2.05579025,-2.23567469992,2.23567469992,FALSE
"Naive Method (ADVI)",2.8,1,"beta4",-4,-1.8086264695,0.603408922389554,-2.975105,-0.670737325,2.1913735305,2.1913735305,FALSE
"Naive Method (ADVI)",2.8,1,"beta5",-5,-2.0824577593,0.72501182990637,-3.54717975,-0.596993375,2.9175422407,2.9175422407,FALSE
"Naive Method (ADVI)",2.8,1,"beta6",0,-1.05374356207,0.604816832061577,-2.2650065,0.133327825,-1.05374356207,1.05374356207,TRUE
"Naive Method (ADVI)",2.8,1,"beta7",0,0.037312357268,0.406518929239013,-0.714894525,0.82706485,0.037312357268,0.037312357268,TRUE
"Naive Method (ADVI)",2.8,1,"beta8",0,-0.00984369724000001,0.406477621051614,-0.829704425,0.81148305,-0.00984369724000001,0.00984369724000001,TRUE
"Naive Method (ADVI)",2.8,1,"beta9",0,0.581576483671,0.575183149650573,-0.53630935,1.6847245,0.581576483671,0.581576483671,TRUE
"Naive Method (ADVI)",2.8,1,"beta10",0,0.1506805477699,0.462716801361163,-0.820623475,1.07275,0.1506805477699,0.1506805477699,TRUE
"Naive Method (ADVI)",2.8,1,"beta11",0,-0.671445139765,0.582296556471633,-1.82655025,0.4226524,-0.671445139765,0.671445139765,TRUE
"Naive Method (ADVI)",2.8,1,"beta12",0,0.261509655451,0.470397432837998,-0.70289375,1.1437305,0.261509655451,0.261509655451,TRUE
"Naive Method (ADVI)",2.8,1,"beta13",0,0.307755175317,0.421959840336218,-0.517335775,1.15462375,0.307755175317,0.307755175317,TRUE
"Naive Method (ADVI)",2.8,1,"beta14",0,1.19973650942,0.677784066464014,-0.1271485,2.5509475,1.19973650942,1.19973650942,TRUE
"Naive Method (ADVI)",2.8,1,"beta15",0,0.840392283598,0.665336102386544,-0.453486225,2.175157,0.840392283598,0.840392283598,TRUE
"Naive Method (ADVI)",2.8,1,"beta16",0,0.46324751111,0.431920305397349,-0.36700245,1.2944955,0.46324751111,0.46324751111,TRUE
"Naive Method (ADVI)",2.8,1,"beta17",0,0.97135588067,0.64468374656854,-0.320752075,2.18753325,0.97135588067,0.97135588067,TRUE
"Naive Method (ADVI)",2.8,1,"beta18",0,0.2800667594459,0.427794717851444,-0.5044993,1.1009845,0.2800667594459,0.2800667594459,TRUE
"Naive Method (ADVI)",2.8,1,"beta19",0,0.91918123025,0.553574348943235,-0.0787889925,2.08180275,0.91918123025,0.91918123025,TRUE
"Naive Method (ADVI)",2.8,1,"beta20",0,0.81686241071,0.498805802916149,-0.17614475,1.82529225,0.81686241071,0.81686241071,TRUE
"Proposed Method (ADVI)",2.8,1,"beta1",1,1.423154446,0.220832070655576,1.01646325,1.88757525,0.423154446,0.423154446,FALSE
"Proposed Method (ADVI)",2.8,1,"beta2",2,2.41882403,0.258086904501826,1.9023125,2.93427325,0.41882403,0.41882403,TRUE
"Proposed Method (ADVI)",2.8,1,"beta3",3,3.48852695,0.31621446420898,2.868418,4.13849575,0.48852695,0.48852695,TRUE
"Proposed Method (ADVI)",2.8,1,"beta4",-4,-4.68604589,0.439124380819875,-5.558466,-3.809285,-0.68604589,0.68604589,TRUE
"Proposed Method (ADVI)",2.8,1,"beta5",-5,-6.38924221,0.56509336891456,-7.45668775,-5.2485735,-1.38924221,1.38924221,FALSE
"Proposed Method (ADVI)",2.8,1,"beta6",0,0.197524440591,0.173749421521931,-0.140106675,0.53046815,0.197524440591,0.197524440591,TRUE
"Proposed Method (ADVI)",2.8,1,"beta7",0,0.163883782715,0.200733671621101,-0.22537505,0.56398885,0.163883782715,0.163883782715,TRUE
"Proposed Method (ADVI)",2.8,1,"beta8",0,-0.068525059093,0.162319704080468,-0.384109,0.26449935,-0.068525059093,0.068525059093,TRUE
"Proposed Method (ADVI)",2.8,1,"beta9",0,-0.0291712940631,0.196848673535251,-0.4383168,0.350619025,-0.0291712940631,0.0291712940631,TRUE
"Proposed Method (ADVI)",2.8,1,"beta10",0,0.45418660413,0.158121737892008,0.133217775,0.769192275,0.45418660413,0.45418660413,FALSE
"Proposed Method (ADVI)",2.8,1,"beta11",0,-0.156551402605,0.162726485635477,-0.465000725,0.152058825,-0.156551402605,0.156551402605,TRUE
"Proposed Method (ADVI)",2.8,1,"beta12",0,-0.1209674087375,0.201940653050152,-0.534811425,0.277338775,-0.1209674087375,0.1209674087375,TRUE
"Proposed Method (ADVI)",2.8,1,"beta13",0,-0.004395994625,0.182624126846103,-0.3391668,0.3735929,-0.004395994625,0.004395994625,TRUE
"Proposed Method (ADVI)",2.8,1,"beta14",0,0.060965589089,0.185285133855941,-0.30451795,0.426567075,0.060965589089,0.060965589089,TRUE
"Proposed Method (ADVI)",2.8,1,"beta15",0,-0.195059951452,0.183218027409654,-0.550448125,0.15709025,-0.195059951452,0.195059951452,TRUE
"Proposed Method (ADVI)",2.8,1,"beta16",0,0.1415939137253,0.172679084833213,-0.18010405,0.481898225,0.1415939137253,0.1415939137253,TRUE
"Proposed Method (ADVI)",2.8,1,"beta17",0,-0.128043995942,0.202589479132644,-0.50956955,0.277611725,-0.128043995942,0.128043995942,TRUE
"Proposed Method (ADVI)",2.8,1,"beta18",0,0.10012161147,0.187762515402266,-0.2676282,0.474954775,0.10012161147,0.10012161147,TRUE
"Proposed Method (ADVI)",2.8,1,"beta19",0,0.217045168666,0.175577549421164,-0.1421571,0.55899525,0.217045168666,0.217045168666,TRUE
"Proposed Method (ADVI)",2.8,1,"beta20",0,-0.152284717917,0.171081537421879,-0.4870246,0.18373335,-0.152284717917,0.152284717917,TRUE
"Proposed Method (ADVI)",2.8,1,"eta",2.8,3.56653337,0.425793172987903,2.76553,4.37288325,0.76653337,0.76653337,TRUE
"Naive Method (ADVI)",2.8,2,"beta1",1,0.692700283396,0.40945780823776,-0.116941625,1.48105925,-0.307299716604,0.307299716604,TRUE
"Naive Method (ADVI)",2.8,2,"beta2",2,-0.256508569117,0.699574431764843,-1.592553,1.11303975,-2.256508569117,2.256508569117,FALSE
"Naive Method (ADVI)",2.8,2,"beta3",3,0.724669204539,0.670710611375448,-0.630429225,2.038251,-2.275330795461,2.275330795461,FALSE
"Naive Method (ADVI)",2.8,2,"beta4",-4,-1.8496719486,0.643342610711427,-3.11195425,-0.609608,2.1503280514,2.1503280514,FALSE
"Naive Method (ADVI)",2.8,2,"beta5",-5,-2.0908305435,0.70917296636891,-3.54404125,-0.64896875,2.9091694565,2.9091694565,FALSE
"Naive Method (ADVI)",2.8,2,"beta6",0,-1.06579002651,0.60765460964229,-2.280924,0.13367595,-1.06579002651,1.06579002651,TRUE
"Naive Method (ADVI)",2.8,2,"beta7",0,-0.067088575073,0.383631504228051,-0.80647215,0.67878305,-0.067088575073,0.067088575073,TRUE
"Naive Method (ADVI)",2.8,2,"beta8",0,0.22406524525,0.3761289567421,-0.53057395,0.98025095,0.22406524525,0.22406524525,TRUE
"Naive Method (ADVI)",2.8,2,"beta9",0,0.566191056171,0.534565333343277,-0.469693825,1.56171925,0.566191056171,0.566191056171,TRUE
"Naive Method (ADVI)",2.8,2,"beta10",0,-0.09314209569,0.470339051958685,-1.073216,0.811572025,-0.09314209569,0.09314209569,TRUE
"Naive Method (ADVI)",2.8,2,"beta11",0,-0.60878413021,0.578242360856664,-1.73495025,0.4814781,-0.60878413021,0.60878413021,TRUE
"Naive Method (ADVI)",2.8,2,"beta12",0,0.141933865009,0.504681640137771,-0.886743,1.08500825,0.141933865009,0.141933865009,TRUE
"Naive Method (ADVI)",2.8,2,"beta13",0,0.26775903181,0.376800076454633,-0.44281155,0.98493935,0.26775903181,0.26775903181,TRUE
"Naive Method (ADVI)",2.8,2,"beta14",0,1.26570313989,0.680394786380712,-0.0464641675,2.6140175,1.26570313989,1.26570313989,TRUE
"Naive Method (ADVI)",2.8,2,"beta15",0,0.787397767661,0.664353969169697,-0.498689125,2.06917775,0.787397767661,0.787397767661,TRUE
"Naive Method (ADVI)",2.8,2,"beta16",0,0.517793084943,0.432397224186457,-0.323672,1.35990075,0.517793084943,0.517793084943,TRUE
"Naive Method (ADVI)",2.8,2,"beta17",0,0.9886056574,0.612481695727397,-0.278491725,2.10841575,0.9886056574,0.9886056574,TRUE
"Naive Method (ADVI)",2.8,2,"beta18",0,-0.074267424919,0.374998579314954,-0.790253925,0.6419918,-0.074267424919,0.074267424919,TRUE
"Naive Method (ADVI)",2.8,2,"beta19",0,0.72985520364,0.637580184680228,-0.429980675,2.0134475,0.72985520364,0.72985520364,TRUE
"Naive Method (ADVI)",2.8,2,"beta20",0,0.654124818487,0.60311104300502,-0.464038525,1.8337125,0.654124818487,0.654124818487,TRUE
"Proposed Method (ADVI)",2.8,2,"beta1",1,1.416950272,0.197256931293365,1.05365325,1.83198725,0.416950272,0.416950272,FALSE
"Proposed Method (ADVI)",2.8,2,"beta2",2,2.69697151,0.294986290043679,2.10772125,3.291784,0.69697151,0.69697151,FALSE
"Proposed Method (ADVI)",2.8,2,"beta3",3,3.50360658,0.348883177769629,2.825384,4.235963,0.50360658,0.50360658,TRUE
"Proposed Method (ADVI)",2.8,2,"beta4",-4,-5.37844637,0.485278573345115,-6.35861625,-4.430001,-1.37844637,1.37844637,FALSE
"Proposed Method (ADVI)",2.8,2,"beta5",-5,-6.42214969,0.548454374020105,-7.44425625,-5.37648125,-1.42214969,1.42214969,FALSE
"Proposed Method (ADVI)",2.8,2,"beta6",0,-0.1007324554811,0.181187418985234,-0.463744625,0.244988825,-0.1007324554811,0.1007324554811,TRUE
"Proposed Method (ADVI)",2.8,2,"beta7",0,-0.050342282017,0.197179347064194,-0.432028975,0.326653025,-0.050342282017,0.050342282017,TRUE
"Proposed Method (ADVI)",2.8,2,"beta8",0,-0.179633786456,0.189957247494,-0.5509579,0.195283925,-0.179633786456,0.179633786456,TRUE
"Proposed Method (ADVI)",2.8,2,"beta9",0,0.219449620424,0.193066952634076,-0.171099575,0.587824125,0.219449620424,0.219449620424,TRUE
"Proposed Method (ADVI)",2.8,2,"beta10",0,0.00204459148900001,0.165679784355308,-0.31250515,0.3362635,0.00204459148900001,0.00204459148900001,TRUE
"Proposed Method (ADVI)",2.8,2,"beta11",0,-0.242674582118,0.200418900980805,-0.630078775,0.137039625,-0.242674582118,0.242674582118,TRUE
"Proposed Method (ADVI)",2.8,2,"beta12",0,-0.280902781207,0.202274608941906,-0.687418225,0.130139675,-0.280902781207,0.280902781207,TRUE
"Proposed Method (ADVI)",2.8,2,"beta13",0,0.275507169391,0.185844970389324,-0.0676169325,0.6514038,0.275507169391,0.275507169391,TRUE
"Proposed Method (ADVI)",2.8,2,"beta14",0,0.236436746948,0.191402387810807,-0.151054925,0.600762025,0.236436746948,0.236436746948,TRUE
"Proposed Method (ADVI)",2.8,2,"beta15",0,-0.4670021209,0.194329563213179,-0.847791,-0.089784265,-0.4670021209,0.4670021209,FALSE
"Proposed Method (ADVI)",2.8,2,"beta16",0,-0.146275319204,0.181189021741849,-0.47550405,0.21078785,-0.146275319204,0.146275319204,TRUE
"Proposed Method (ADVI)",2.8,2,"beta17",0,0.2004496753077,0.200700218853546,-0.183406625,0.614901675,0.2004496753077,0.2004496753077,TRUE
"Proposed Method (ADVI)",2.8,2,"beta18",0,0.001767023435,0.206307497978737,-0.4013059,0.3917483,0.001767023435,0.001767023435,TRUE
"Proposed Method (ADVI)",2.8,2,"beta19",0,-0.290651892318,0.208456927247216,-0.697492525,0.0952200349999997,-0.290651892318,0.290651892318,TRUE
"Proposed Method (ADVI)",2.8,2,"beta20",0,-0.179607819499,0.179175110330766,-0.5160705,0.165203275,-0.179607819499,0.179607819499,TRUE
"Proposed Method (ADVI)",2.8,2,"eta",2.8,3.36933101,0.43906306983778,2.610279,4.24688075,0.56933101,0.56933101,TRUE
"Naive Method (ADVI)",2.8,3,"beta1",1,0.5923426431,0.151710391552578,0.29334625,0.885377375,-0.4076573569,0.4076573569,FALSE
"Naive Method (ADVI)",2.8,3,"beta2",2,1.82502409,0.21645877286847,1.401027,2.25461425,-0.17497591,0.17497591,TRUE
"Naive Method (ADVI)",2.8,3,"beta3",3,2.21913094,0.214371794778401,1.791306,2.61638925,-0.78086906,0.78086906,FALSE
"Naive Method (ADVI)",2.8,3,"beta4",-4,-3.2947789,0.28799872338999,-3.873053,-2.7509315,0.7052211,0.7052211,FALSE
"Naive Method (ADVI)",2.8,3,"beta5",-5,-4.13134013,0.328884603541317,-4.76225875,-3.48242225,0.86865987,0.86865987,FALSE
"Naive Method (ADVI)",2.8,3,"beta6",0,-0.185814830529,0.151778153598858,-0.4860464,0.1118125,-0.185814830529,0.185814830529,TRUE
"Naive Method (ADVI)",2.8,3,"beta7",0,0.1229603252804,0.134561626537095,-0.14455225,0.3803198,0.1229603252804,0.1229603252804,TRUE
"Naive Method (ADVI)",2.8,3,"beta8",0,0.249163652045,0.141423555021315,-0.042892925,0.520316575,0.249163652045,0.249163652045,TRUE
"Naive Method (ADVI)",2.8,3,"beta9",0,0.010585077428,0.159903839881488,-0.3031435,0.296161525,0.010585077428,0.010585077428,TRUE
"Naive Method (ADVI)",2.8,3,"beta10",0,0.071492736506,0.135837027891762,-0.21804755,0.330954725,0.071492736506,0.071492736506,TRUE
"Naive Method (ADVI)",2.8,3,"beta11",0,0.26520212975,0.138770172089242,-0.00151305875,0.522905425,0.26520212975,0.26520212975,TRUE
"Naive Method (ADVI)",2.8,3,"beta12",0,0.256955334048,0.156112542727393,-0.06712193,0.558432025,0.256955334048,0.256955334048,TRUE
"Naive Method (ADVI)",2.8,3,"beta13",0,-0.001660709308,0.153098303736414,-0.286069725,0.299621325,-0.001660709308,0.001660709308,TRUE
"Naive Method (ADVI)",2.8,3,"beta14",0,0.270806396832,0.136901897734483,0.0086455485,0.52543015,0.270806396832,0.270806396832,FALSE
"Naive Method (ADVI)",2.8,3,"beta15",0,0.1190350734212,0.134442148465224,-0.143014975,0.379187925,0.1190350734212,0.1190350734212,TRUE
"Naive Method (ADVI)",2.8,3,"beta16",0,-0.157996818856,0.152416983869595,-0.455481125,0.141573525,-0.157996818856,0.157996818856,TRUE
"Naive Method (ADVI)",2.8,3,"beta17",0,0.171313935848,0.149400777818305,-0.126751575,0.453504125,0.171313935848,0.171313935848,TRUE
"Naive Method (ADVI)",2.8,3,"beta18",0,0.0448683003023,0.140265732871846,-0.223799425,0.32026755,0.0448683003023,0.0448683003023,TRUE
"Naive Method (ADVI)",2.8,3,"beta19",0,0.186592169036,0.148740748093518,-0.0950814225,0.463217175,0.186592169036,0.186592169036,TRUE
"Naive Method (ADVI)",2.8,3,"beta20",0,-0.0568890571738,0.149351460697694,-0.340809375,0.2500799,-0.0568890571738,0.0568890571738,TRUE
"Proposed Method (ADVI)",2.8,3,"beta1",1,0.734632369,0.16790020879023,0.425419175,1.087737,-0.265367631,0.265367631,TRUE
"Proposed Method (ADVI)",2.8,3,"beta2",2,2.40125057,0.245101898195575,1.92294125,2.8907195,0.40125057,0.40125057,TRUE
"Proposed Method (ADVI)",2.8,3,"beta3",3,3.01720072,0.29770595806626,2.42891325,3.60996475,0.0172007199999999,0.0172007199999999,TRUE
"Proposed Method (ADVI)",2.8,3,"beta4",-4,-4.31059659,0.380891801532071,-5.06373875,-3.54231825,-0.31059659,0.31059659,TRUE
"Proposed Method (ADVI)",2.8,3,"beta5",-5,-5.57782432,0.483619531298096,-6.5029375,-4.61596175,-0.57782432,0.57782432,TRUE
"Proposed Method (ADVI)",2.8,3,"beta6",0,-0.1255163459927,0.165535818806022,-0.464165525,0.1733051,-0.1255163459927,0.1255163459927,TRUE
"Proposed Method (ADVI)",2.8,3,"beta7",0,0.125305367546,0.168193615061118,-0.207033775,0.4461269,0.125305367546,0.125305367546,TRUE
"Proposed Method (ADVI)",2.8,3,"beta8",0,0.256500481967,0.172384633016349,-0.07879774,0.60592495,0.256500481967,0.256500481967,TRUE
"Proposed Method (ADVI)",2.8,3,"beta9",0,0.1309907756486,0.17126618839396,-0.21707415,0.473361825,0.1309907756486,0.1309907756486,TRUE
"Proposed Method (ADVI)",2.8,3,"beta10",0,0.0495077119029,0.152315605645496,-0.254059025,0.340397375,0.0495077119029,0.0495077119029,TRUE
"Proposed Method (ADVI)",2.8,3,"beta11",0,0.289200721271,0.176503174353641,-0.0482947275,0.6267792,0.289200721271,0.289200721271,TRUE
"Proposed Method (ADVI)",2.8,3,"beta12",0,0.40197831598,0.197139634290595,-0.0137249175,0.801764775,0.40197831598,0.40197831598,TRUE
"Proposed Method (ADVI)",2.8,3,"beta13",0,0.022296435687,0.174491460834619,-0.3009011,0.3736861,0.022296435687,0.022296435687,TRUE
"Proposed Method (ADVI)",2.8,3,"beta14",0,0.3325280891366,0.162764586865844,0.000857592165000001,0.644815725,0.3325280891366,0.3325280891366,FALSE
"Proposed Method (ADVI)",2.8,3,"beta15",0,0.027034372069,0.159262156911558,-0.2810722,0.350074975,0.027034372069,0.027034372069,TRUE
"Proposed Method (ADVI)",2.8,3,"beta16",0,-0.164979361742,0.1540054195084,-0.452318575,0.1429817,-0.164979361742,0.164979361742,TRUE
"Proposed Method (ADVI)",2.8,3,"beta17",0,0.345956807898,0.194380503132383,-0.01021781,0.740232075,0.345956807898,0.345956807898,TRUE
"Proposed Method (ADVI)",2.8,3,"beta18",0,0.051866532629,0.175035710650826,-0.298824,0.39159955,0.051866532629,0.051866532629,TRUE
"Proposed Method (ADVI)",2.8,3,"beta19",0,0.35144448411,0.164135607747723,0.0263948025,0.6653506,0.35144448411,0.35144448411,FALSE
"Proposed Method (ADVI)",2.8,3,"beta20",0,0.059505595149,0.165056892120061,-0.2659212,0.374023075,0.059505595149,0.059505595149,TRUE
"Proposed Method (ADVI)",2.8,3,"eta",2.8,3.118784,0.383139542230792,2.41735575,3.86425875,0.318784,0.318784,TRUE
